=Algorithm,TARGET_CLASS,criterion,Coverage,BranchCoverage,Total_Goals,Covered_Goals
DYNAMOSA,bcry.bcDictionary,LINE;BRANCH;EXCEPTION;WEAKMUTATION;OUTPUT;METHOD;METHODNOEXCEPTION;CBRANCH,0.8709893048128342,0.9545454545454546,236,213
DYNAMOSA,bcry.bcDictionary,LINE;BRANCH;EXCEPTION;WEAKMUTATION;OUTPUT;METHOD;METHODNOEXCEPTION;CBRANCH,0.865307486631016,0.9545454545454546,236,212
DYNAMOSA,bcry.bcDictionary,LINE;BRANCH;EXCEPTION;WEAKMUTATION;OUTPUT;METHOD;METHODNOEXCEPTION;CBRANCH,0.8709893048128342,0.9545454545454546,236,213
DYNAMOSA,bcry.bcDictionary,LINE;BRANCH;EXCEPTION;WEAKMUTATION;OUTPUT;METHOD;METHODNOEXCEPTION;CBRANCH,0.857174688057041,0.9090909090909091,236,210
DYNAMOSA,bcry.bcDictionary,LINE;BRANCH;EXCEPTION;WEAKMUTATION;OUTPUT;METHOD;METHODNOEXCEPTION;CBRANCH,0.8709893048128342,0.9545454545454546,236,213
DYNAMOSA,bcry.bcDictionary,LINE;BRANCH;EXCEPTION;WEAKMUTATION;OUTPUT;METHOD;METHODNOEXCEPTION;CBRANCH,0.857174688057041,0.9090909090909091,236,210
DYNAMOSA,bcry.bcDictionary,LINE;BRANCH;EXCEPTION;WEAKMUTATION;OUTPUT;METHOD;METHODNOEXCEPTION;CBRANCH,0.8314765300059418,0.9090909090909091,236,203
DYNAMOSA,bcry.bcDictionary,LINE;BRANCH;EXCEPTION;WEAKMUTATION;OUTPUT;METHOD;METHODNOEXCEPTION;CBRANCH,0.857174688057041,0.9090909090909091,236,210
DYNAMOSA,bcry.bcDictionary,LINE;BRANCH;EXCEPTION;WEAKMUTATION;OUTPUT;METHOD;METHODNOEXCEPTION;CBRANCH,0.857174688057041,0.9090909090909091,236,208
DYNAMOSA,bcry.bcDictionary,LINE;BRANCH;EXCEPTION;WEAKMUTATION;OUTPUT;METHOD;METHODNOEXCEPTION;CBRANCH,0.892156862745098,1.0,236,220
DYNAMOSA,bcry.bcDictionary,LINE;BRANCH;EXCEPTION;WEAKMUTATION;OUTPUT;METHOD;METHODNOEXCEPTION;CBRANCH,0.8709893048128342,0.9545454545454546,236,213
DYNAMOSA,bcry.bcDictionary,LINE;BRANCH;EXCEPTION;WEAKMUTATION;OUTPUT;METHOD;METHODNOEXCEPTION;CBRANCH,0.8709893048128342,0.9545454545454546,236,213
DYNAMOSA,bcry.bcDictionary,LINE;BRANCH;EXCEPTION;WEAKMUTATION;OUTPUT;METHOD;METHODNOEXCEPTION;CBRANCH,0.8709893048128342,0.9545454545454546,236,213
DYNAMOSA,bcry.bcDictionary,LINE;BRANCH;EXCEPTION;WEAKMUTATION;OUTPUT;METHOD;METHODNOEXCEPTION;CBRANCH,0.8709893048128342,0.9545454545454546,236,213
DYNAMOSA,bcry.bcDictionary,LINE;BRANCH;EXCEPTION;WEAKMUTATION;OUTPUT;METHOD;METHODNOEXCEPTION;CBRANCH,0.8709893048128342,0.9545454545454546,236,213
DYNAMOSA,bcry.bcDictionary,LINE;BRANCH;EXCEPTION;WEAKMUTATION;OUTPUT;METHOD;METHODNOEXCEPTION;CBRANCH,0.857174688057041,0.9090909090909091,236,210
DYNAMOSA,bcry.bcDictionary,LINE;BRANCH;EXCEPTION;WEAKMUTATION;OUTPUT;METHOD;METHODNOEXCEPTION;CBRANCH,0.8709893048128342,0.9545454545454546,236,213
DYNAMOSA,bcry.bcDictionary,LINE;BRANCH;EXCEPTION;WEAKMUTATION;OUTPUT;METHOD;METHODNOEXCEPTION;CBRANCH,0.8709893048128342,0.9545454545454546,236,213
DYNAMOSA,bcry.bcDictionary,LINE;BRANCH;EXCEPTION;WEAKMUTATION;OUTPUT;METHOD;METHODNOEXCEPTION;CBRANCH,0.892156862745098,1.0,236,222
DYNAMOSA,bcry.bcDictionary,LINE;BRANCH;EXCEPTION;WEAKMUTATION;OUTPUT;METHOD;METHODNOEXCEPTION;CBRANCH,0.857174688057041,0.9090909090909091,236,210
DYNAMOSA,bcry.bcDictionary,LINE;BRANCH;EXCEPTION;WEAKMUTATION;OUTPUT;METHOD;METHODNOEXCEPTION;CBRANCH,0.8709893048128342,0.9545454545454546,236,213
DYNAMOSA,bcry.bcDictionary,LINE;BRANCH;EXCEPTION;WEAKMUTATION;OUTPUT;METHOD;METHODNOEXCEPTION;CBRANCH,0.892156862745098,1.0,236,222
DYNAMOSA,bcry.bcDictionary,LINE;BRANCH;EXCEPTION;WEAKMUTATION;OUTPUT;METHOD;METHODNOEXCEPTION;CBRANCH,0.8709893048128342,0.9545454545454546,236,213
DYNAMOSA,bcry.bcDictionary,LINE;BRANCH;EXCEPTION;WEAKMUTATION;OUTPUT;METHOD;METHODNOEXCEPTION;CBRANCH,0.8709893048128342,0.9545454545454546,236,210
DYNAMOSA,bcry.bcDictionary,LINE;BRANCH;EXCEPTION;WEAKMUTATION;OUTPUT;METHOD;METHODNOEXCEPTION;CBRANCH,0.8709893048128342,0.9545454545454546,236,213
DYNAMOSA,bcry.bcDictionary,LINE;BRANCH;EXCEPTION;WEAKMUTATION;OUTPUT;METHOD;METHODNOEXCEPTION;CBRANCH,0.857174688057041,0.9090909090909091,236,210
DYNAMOSA,bcry.bcDictionary,LINE;BRANCH;EXCEPTION;WEAKMUTATION;OUTPUT;METHOD;METHODNOEXCEPTION;CBRANCH,0.892156862745098,1.0,236,222
DYNAMOSA,bcry.bcDictionary,LINE;BRANCH;EXCEPTION;WEAKMUTATION;OUTPUT;METHOD;METHODNOEXCEPTION;CBRANCH,0.857174688057041,0.9090909090909091,236,210
DYNAMOSA,bcry.bcDictionary,LINE;BRANCH;EXCEPTION;WEAKMUTATION;OUTPUT;METHOD;METHODNOEXCEPTION;CBRANCH,0.8376039809863339,0.9090909090909091,236,207
DYNAMOSA,bcry.bcDictionary,LINE;BRANCH;EXCEPTION;WEAKMUTATION;OUTPUT;METHOD;METHODNOEXCEPTION;CBRANCH,0.8709893048128342,0.9090909090909091,236,209
DYNAMOSA,bcry.bcDictionary,LINE;BRANCH;EXCEPTION;WEAKMUTATION;OUTPUT;METHOD;METHODNOEXCEPTION;CBRANCH,0.8709893048128342,0.9545454545454546,236,209
DYNAMOSA,bcry.bcDictionary,LINE;BRANCH;EXCEPTION;WEAKMUTATION;OUTPUT;METHOD;METHODNOEXCEPTION;CBRANCH,0.8709893048128342,0.9545454545454546,236,212
DYNAMOSA,bcry.bcDictionary,LINE;BRANCH;EXCEPTION;WEAKMUTATION;OUTPUT;METHOD;METHODNOEXCEPTION;CBRANCH,0.8909313725490196,1.0,236,221
DYNAMOSA,bcry.bcDictionary,LINE;BRANCH;EXCEPTION;WEAKMUTATION;OUTPUT;METHOD;METHODNOEXCEPTION;CBRANCH,0.8709893048128342,0.9545454545454546,236,212
DYNAMOSA,bcry.bcDictionary,LINE;BRANCH;EXCEPTION;WEAKMUTATION;OUTPUT;METHOD;METHODNOEXCEPTION;CBRANCH,0.8709893048128342,0.9545454545454546,236,213
DYNAMOSA,bcry.bcDictionary,LINE;BRANCH;EXCEPTION;WEAKMUTATION;OUTPUT;METHOD;METHODNOEXCEPTION;CBRANCH,0.857174688057041,0.9090909090909091,236,210
DYNAMOSA,bcry.bcDictionary,LINE;BRANCH;EXCEPTION;WEAKMUTATION;OUTPUT;METHOD;METHODNOEXCEPTION;CBRANCH,0.857174688057041,0.9090909090909091,236,210
DYNAMOSA,bcry.bcDictionary,LINE;BRANCH;EXCEPTION;WEAKMUTATION;OUTPUT;METHOD;METHODNOEXCEPTION;CBRANCH,0.8709893048128342,0.9545454545454546,236,213
DYNAMOSA,bcry.bcDictionary,LINE;BRANCH;EXCEPTION;WEAKMUTATION;OUTPUT;METHOD;METHODNOEXCEPTION;CBRANCH,0.8709893048128342,0.9545454545454546,236,211
DYNAMOSA,bcry.bcDictionary,LINE;BRANCH;EXCEPTION;WEAKMUTATION;OUTPUT;METHOD;METHODNOEXCEPTION;CBRANCH,0.8709893048128342,0.9545454545454546,236,213
DYNAMOSA,bcry.bcDictionary,LINE;BRANCH;EXCEPTION;WEAKMUTATION;OUTPUT;METHOD;METHODNOEXCEPTION;CBRANCH,0.8709893048128342,0.9545454545454546,236,213
DYNAMOSA,bcry.bcDictionary,LINE;BRANCH;EXCEPTION;WEAKMUTATION;OUTPUT;METHOD;METHODNOEXCEPTION;CBRANCH,0.8709893048128342,0.9545454545454546,236,213
DYNAMOSA,bcry.bcDictionary,LINE;BRANCH;EXCEPTION;WEAKMUTATION;OUTPUT;METHOD;METHODNOEXCEPTION;CBRANCH,0.857174688057041,0.9090909090909091,236,210
DYNAMOSA,bcry.bcDictionary,LINE;BRANCH;EXCEPTION;WEAKMUTATION;OUTPUT;METHOD;METHODNOEXCEPTION;CBRANCH,0.857174688057041,0.8636363636363636,236,201
DYNAMOSA,bcry.bcDictionary,LINE;BRANCH;EXCEPTION;WEAKMUTATION;OUTPUT;METHOD;METHODNOEXCEPTION;CBRANCH,0.857174688057041,0.9090909090909091,236,210
DYNAMOSA,bcry.bcDictionary,LINE;BRANCH;EXCEPTION;WEAKMUTATION;OUTPUT;METHOD;METHODNOEXCEPTION;CBRANCH,0.8783422459893048,0.9545454545454546,236,219
DYNAMOSA,bcry.bcDictionary,LINE;BRANCH;EXCEPTION;WEAKMUTATION;OUTPUT;METHOD;METHODNOEXCEPTION;CBRANCH,0.857174688057041,0.9090909090909091,236,210
DYNAMOSA,bcry.bcDictionary,LINE;BRANCH;EXCEPTION;WEAKMUTATION;OUTPUT;METHOD;METHODNOEXCEPTION;CBRANCH,0.857174688057041,0.9090909090909091,236,210
DYNAMOSA,bcry.bcDictionary,LINE;BRANCH;EXCEPTION;WEAKMUTATION;OUTPUT;METHOD;METHODNOEXCEPTION;CBRANCH,0.892156862745098,1.0,236,222
DYNAMOSA,bcry.bcDictionary,LINE;BRANCH;EXCEPTION;WEAKMUTATION;OUTPUT;METHOD;METHODNOEXCEPTION;CBRANCH,0.857174688057041,0.9090909090909091,236,210
DYNAMOSA,bcry.bcDictionary,LINE;BRANCH;EXCEPTION;WEAKMUTATION;OUTPUT;METHOD;METHODNOEXCEPTION;CBRANCH,0.8709893048128342,0.9545454545454546,236,213
DYNAMOSA,bcry.bcDictionary,LINE;BRANCH;EXCEPTION;WEAKMUTATION;OUTPUT;METHOD;METHODNOEXCEPTION;CBRANCH,0.892156862745098,1.0,236,222
DYNAMOSA,bcry.bcDictionary,LINE;BRANCH;EXCEPTION;WEAKMUTATION;OUTPUT;METHOD;METHODNOEXCEPTION;CBRANCH,0.857174688057041,0.9090909090909091,236,210
DYNAMOSA,bcry.bcDictionary,LINE;BRANCH;EXCEPTION;WEAKMUTATION;OUTPUT;METHOD;METHODNOEXCEPTION;CBRANCH,0.857174688057041,0.9090909090909091,236,210
DYNAMOSA,bcry.bcDictionary,LINE;BRANCH;EXCEPTION;WEAKMUTATION;OUTPUT;METHOD;METHODNOEXCEPTION;CBRANCH,0.8709893048128342,0.9545454545454546,236,213
DYNAMOSA,bcry.bcDictionary,LINE;BRANCH;EXCEPTION;WEAKMUTATION;OUTPUT;METHOD;METHODNOEXCEPTION;CBRANCH,0.8909313725490196,1.0,236,221
DYNAMOSA,bcry.bcDictionary,LINE;BRANCH;EXCEPTION;WEAKMUTATION;OUTPUT;METHOD;METHODNOEXCEPTION;CBRANCH,0.8709893048128342,0.9545454545454546,236,213
DYNAMOSA,bcry.bcDictionary,LINE;BRANCH;EXCEPTION;WEAKMUTATION;OUTPUT;METHOD;METHODNOEXCEPTION;CBRANCH,0.8909313725490196,1.0,236,221
DYNAMOSA,bcry.bcDictionary,LINE;BRANCH;EXCEPTION;WEAKMUTATION;OUTPUT;METHOD;METHODNOEXCEPTION;CBRANCH,0.8709893048128342,0.9545454545454546,236,213
DYNAMOSA,bcry.bcDictionary,LINE;BRANCH;EXCEPTION;WEAKMUTATION;OUTPUT;METHOD;METHODNOEXCEPTION;CBRANCH,0.8709893048128342,0.9545454545454546,236,213
DYNAMOSA,bcry.bcDictionary,LINE;BRANCH;EXCEPTION;WEAKMUTATION;OUTPUT;METHOD;METHODNOEXCEPTION;CBRANCH,0.8709893048128342,0.9545454545454546,236,213
DYNAMOSA,bcry.bcDictionary,LINE;BRANCH;EXCEPTION;WEAKMUTATION;OUTPUT;METHOD;METHODNOEXCEPTION;CBRANCH,0.8709893048128342,0.9545454545454546,236,213
DYNAMOSA,bcry.bcDictionary,LINE;BRANCH;EXCEPTION;WEAKMUTATION;OUTPUT;METHOD;METHODNOEXCEPTION;CBRANCH,0.8709893048128342,0.9545454545454546,236,213
DYNAMOSA,bcry.bcDictionary,LINE;BRANCH;EXCEPTION;WEAKMUTATION;OUTPUT;METHOD;METHODNOEXCEPTION;CBRANCH,0.892156862745098,1.0,236,222
DYNAMOSA,bcry.bcDictionary,LINE;BRANCH;EXCEPTION;WEAKMUTATION;OUTPUT;METHOD;METHODNOEXCEPTION;CBRANCH,0.857174688057041,0.9090909090909091,236,210
DYNAMOSA,bcry.bcDictionary,LINE;BRANCH;EXCEPTION;WEAKMUTATION;OUTPUT;METHOD;METHODNOEXCEPTION;CBRANCH,0.8909313725490196,1.0,236,221
DYNAMOSA,bcry.bcDictionary,LINE;BRANCH;EXCEPTION;WEAKMUTATION;OUTPUT;METHOD;METHODNOEXCEPTION;CBRANCH,0.8709893048128342,0.9545454545454546,236,213
DYNAMOSA,bcry.bcDictionary,LINE;BRANCH;EXCEPTION;WEAKMUTATION;OUTPUT;METHOD;METHODNOEXCEPTION;CBRANCH,0.8709893048128342,0.9545454545454546,236,213
DYNAMOSA,bcry.bcDictionary,LINE;BRANCH;EXCEPTION;WEAKMUTATION;OUTPUT;METHOD;METHODNOEXCEPTION;CBRANCH,0.857174688057041,0.9090909090909091,236,210
DYNAMOSA,bcry.bcDictionary,LINE;BRANCH;EXCEPTION;WEAKMUTATION;OUTPUT;METHOD;METHODNOEXCEPTION;CBRANCH,0.8909313725490196,1.0,236,221
DYNAMOSA,bcry.bcDictionary,LINE;BRANCH;EXCEPTION;WEAKMUTATION;OUTPUT;METHOD;METHODNOEXCEPTION;CBRANCH,0.8709893048128342,0.9545454545454546,236,213
DYNAMOSA,bcry.bcDictionary,LINE;BRANCH;EXCEPTION;WEAKMUTATION;OUTPUT;METHOD;METHODNOEXCEPTION;CBRANCH,0.8709893048128342,0.9545454545454546,236,213
DYNAMOSA,bcry.bcDictionary,LINE;BRANCH;EXCEPTION;WEAKMUTATION;OUTPUT;METHOD;METHODNOEXCEPTION;CBRANCH,0.8709893048128342,0.9545454545454546,236,213
DYNAMOSA,bcry.bcDictionary,LINE;BRANCH;EXCEPTION;WEAKMUTATION;OUTPUT;METHOD;METHODNOEXCEPTION;CBRANCH,0.8709893048128342,0.9545454545454546,236,213
DYNAMOSA,bcry.bcDictionary,LINE;BRANCH;EXCEPTION;WEAKMUTATION;OUTPUT;METHOD;METHODNOEXCEPTION;CBRANCH,0.865307486631016,0.9545454545454546,236,212
DYNAMOSA,bcry.bcDictionary,LINE;BRANCH;EXCEPTION;WEAKMUTATION;OUTPUT;METHOD;METHODNOEXCEPTION;CBRANCH,0.8709893048128342,0.9545454545454546,236,212
DYNAMOSA,bcry.bcDictionary,LINE;BRANCH;EXCEPTION;WEAKMUTATION;OUTPUT;METHOD;METHODNOEXCEPTION;CBRANCH,0.8709893048128342,0.9545454545454546,236,213
DYNAMOSA,bcry.bcDictionary,LINE;BRANCH;EXCEPTION;WEAKMUTATION;OUTPUT;METHOD;METHODNOEXCEPTION;CBRANCH,0.892156862745098,1.0,236,222
DYNAMOSA,bcry.bcDictionary,LINE;BRANCH;EXCEPTION;WEAKMUTATION;OUTPUT;METHOD;METHODNOEXCEPTION;CBRANCH,0.8709893048128342,0.9545454545454546,236,213
DYNAMOSA,bcry.bcDictionary,LINE;BRANCH;EXCEPTION;WEAKMUTATION;OUTPUT;METHOD;METHODNOEXCEPTION;CBRANCH,0.8709893048128342,0.9545454545454546,236,213
DYNAMOSA,bcry.bcDictionary,LINE;BRANCH;EXCEPTION;WEAKMUTATION;OUTPUT;METHOD;METHODNOEXCEPTION;CBRANCH,0.857174688057041,0.9090909090909091,236,210
DYNAMOSA,bcry.bcDictionary,LINE;BRANCH;EXCEPTION;WEAKMUTATION;OUTPUT;METHOD;METHODNOEXCEPTION;CBRANCH,0.857174688057041,0.8181818181818182,236,202
DYNAMOSA,bcry.bcDictionary,LINE;BRANCH;EXCEPTION;WEAKMUTATION;OUTPUT;METHOD;METHODNOEXCEPTION;CBRANCH,0.8709893048128342,0.9545454545454546,236,213
DYNAMOSA,bcry.bcDictionary,LINE;BRANCH;EXCEPTION;WEAKMUTATION;OUTPUT;METHOD;METHODNOEXCEPTION;CBRANCH,0.8709893048128342,0.9545454545454546,236,213
DYNAMOSA,bcry.bcDictionary,LINE;BRANCH;EXCEPTION;WEAKMUTATION;OUTPUT;METHOD;METHODNOEXCEPTION;CBRANCH,0.865307486631016,0.9545454545454546,236,212
DYNAMOSA,bcry.bcDictionary,LINE;BRANCH;EXCEPTION;WEAKMUTATION;OUTPUT;METHOD;METHODNOEXCEPTION;CBRANCH,0.857174688057041,0.9090909090909091,236,210
DYNAMOSA,bcry.bcDictionary,LINE;BRANCH;EXCEPTION;WEAKMUTATION;OUTPUT;METHOD;METHODNOEXCEPTION;CBRANCH,0.8709893048128342,0.9545454545454546,236,213
DYNAMOSA,bcry.bcDictionary,LINE;BRANCH;EXCEPTION;WEAKMUTATION;OUTPUT;METHOD;METHODNOEXCEPTION;CBRANCH,0.8709893048128342,0.9090909090909091,236,210
DYNAMOSA,bcry.bcDictionary,LINE;BRANCH;EXCEPTION;WEAKMUTATION;OUTPUT;METHOD;METHODNOEXCEPTION;CBRANCH,0.8709893048128342,0.9545454545454546,236,213
DYNAMOSA,bcry.bcDictionary,LINE;BRANCH;EXCEPTION;WEAKMUTATION;OUTPUT;METHOD;METHODNOEXCEPTION;CBRANCH,0.8709893048128342,0.9545454545454546,236,213
DYNAMOSA,bcry.bcDictionary,LINE;BRANCH;EXCEPTION;WEAKMUTATION;OUTPUT;METHOD;METHODNOEXCEPTION;CBRANCH,0.857174688057041,0.9090909090909091,236,210
DYNAMOSA,bcry.bcDictionary,LINE;BRANCH;EXCEPTION;WEAKMUTATION;OUTPUT;METHOD;METHODNOEXCEPTION;CBRANCH,0.8709893048128342,0.9545454545454546,236,213
DYNAMOSA,bcry.bcDictionary,LINE;BRANCH;EXCEPTION;WEAKMUTATION;OUTPUT;METHOD;METHODNOEXCEPTION;CBRANCH,0.8709893048128342,0.9545454545454546,236,212
DYNAMOSA,bcry.bcDictionary,LINE;BRANCH;EXCEPTION;WEAKMUTATION;OUTPUT;METHOD;METHODNOEXCEPTION;CBRANCH,0.8709893048128342,0.9545454545454546,236,212
DYNAMOSA,bcry.bcDictionary,LINE;BRANCH;EXCEPTION;WEAKMUTATION;OUTPUT;METHOD;METHODNOEXCEPTION;CBRANCH,0.8709893048128342,0.9545454545454546,236,213
DYNAMOSA,bcry.bcDictionary,LINE;BRANCH;EXCEPTION;WEAKMUTATION;OUTPUT;METHOD;METHODNOEXCEPTION;CBRANCH,0.8709893048128342,0.9545454545454546,236,213
DYNAMOSA,bcry.bcDictionary,LINE;BRANCH;EXCEPTION;WEAKMUTATION;OUTPUT;METHOD;METHODNOEXCEPTION;CBRANCH,0.8709893048128342,0.9545454545454546,236,213
DYNAMOSA,bcry.bcDictionary,LINE;BRANCH;EXCEPTION;WEAKMUTATION;OUTPUT;METHOD;METHODNOEXCEPTION;CBRANCH,0.8909313725490196,1.0,236,220
DYNAMOSA,bcry.bcDictionary,LINE;BRANCH;EXCEPTION;WEAKMUTATION;OUTPUT;METHOD;METHODNOEXCEPTION;CBRANCH,0.8709893048128342,0.9545454545454546,236,213
DYNAMOSA,bcry.bcDictionary,LINE;BRANCH;EXCEPTION;WEAKMUTATION;OUTPUT;METHOD;METHODNOEXCEPTION;CBRANCH,0.8709893048128342,0.9545454545454546,236,213
DYNAMOSA,bcry.bcDictionary,LINE;BRANCH;EXCEPTION;WEAKMUTATION;OUTPUT;METHOD;METHODNOEXCEPTION;CBRANCH,0.8709893048128342,0.9545454545454546,236,213
DYNAMOSA,bcry.bcDictionary,LINE;BRANCH;EXCEPTION;WEAKMUTATION;OUTPUT;METHOD;METHODNOEXCEPTION;CBRANCH,0.8709893048128342,0.9545454545454546,236,213
DYNAMOSA,bcry.bcDictionary,LINE;BRANCH;EXCEPTION;WEAKMUTATION;OUTPUT;METHOD;METHODNOEXCEPTION;CBRANCH,0.892156862745098,1.0,236,222
DYNAMOSA,bcry.bcDictionary,LINE;BRANCH;EXCEPTION;WEAKMUTATION;OUTPUT;METHOD;METHODNOEXCEPTION;CBRANCH,0.865307486631016,0.9545454545454546,236,210
DYNAMOSA,bcry.bcDictionary,LINE;BRANCH;EXCEPTION;WEAKMUTATION;OUTPUT;METHOD;METHODNOEXCEPTION;CBRANCH,0.892156862745098,1.0,236,222
DYNAMOSA,bcry.bcDictionary,LINE;BRANCH;EXCEPTION;WEAKMUTATION;OUTPUT;METHOD;METHODNOEXCEPTION;CBRANCH,0.8909313725490196,1.0,236,221
DYNAMOSA,bcry.bcDictionary,LINE;BRANCH;EXCEPTION;WEAKMUTATION;OUTPUT;METHOD;METHODNOEXCEPTION;CBRANCH,0.8909313725490196,1.0,236,221
DYNAMOSA,bcry.bcDictionary,LINE;BRANCH;EXCEPTION;WEAKMUTATION;OUTPUT;METHOD;METHODNOEXCEPTION;CBRANCH,0.8709893048128342,0.9090909090909091,236,208
DYNAMOSA,bcry.bcDictionary,LINE;BRANCH;EXCEPTION;WEAKMUTATION;OUTPUT;METHOD;METHODNOEXCEPTION;CBRANCH,0.892156862745098,1.0,236,222
DYNAMOSA,bcry.bcDictionary,LINE;BRANCH;EXCEPTION;WEAKMUTATION;OUTPUT;METHOD;METHODNOEXCEPTION;CBRANCH,0.857174688057041,0.9090909090909091,236,210
DYNAMOSA,bcry.bcDictionary,LINE;BRANCH;EXCEPTION;WEAKMUTATION;OUTPUT;METHOD;METHODNOEXCEPTION;CBRANCH,0.892156862745098,1.0,236,222
DYNAMOSA,bcry.bcDictionary,LINE;BRANCH;EXCEPTION;WEAKMUTATION;OUTPUT;METHOD;METHODNOEXCEPTION;CBRANCH,0.8709893048128342,0.9545454545454546,236,213
DYNAMOSA,bcry.bcDictionary,LINE;BRANCH;EXCEPTION;WEAKMUTATION;OUTPUT;METHOD;METHODNOEXCEPTION;CBRANCH,0.892156862745098,1.0,236,221
DYNAMOSA,bcry.bcDictionary,LINE;BRANCH;EXCEPTION;WEAKMUTATION;OUTPUT;METHOD;METHODNOEXCEPTION;CBRANCH,0.8709893048128342,0.9545454545454546,236,213
DYNAMOSA,bcry.bcDictionary,LINE;BRANCH;EXCEPTION;WEAKMUTATION;OUTPUT;METHOD;METHODNOEXCEPTION;CBRANCH,0.8709893048128342,0.9545454545454546,236,212
DYNAMOSA,bcry.bcDictionary,LINE;BRANCH;EXCEPTION;WEAKMUTATION;OUTPUT;METHOD;METHODNOEXCEPTION;CBRANCH,0.845736779560309,0.9545454545454546,236,210
DYNAMOSA,bcry.bcDictionary,LINE;BRANCH;EXCEPTION;WEAKMUTATION;OUTPUT;METHOD;METHODNOEXCEPTION;CBRANCH,0.8709893048128342,0.9545454545454546,236,213
DYNAMOSA,bcry.bcDictionary,LINE;BRANCH;EXCEPTION;WEAKMUTATION;OUTPUT;METHOD;METHODNOEXCEPTION;CBRANCH,0.865307486631016,0.9545454545454546,236,212
DYNAMOSA,bcry.bcDictionary,LINE;BRANCH;EXCEPTION;WEAKMUTATION;OUTPUT;METHOD;METHODNOEXCEPTION;CBRANCH,0.8909313725490196,1.0,236,220
DYNAMOSA,bcry.bcDictionary,LINE;BRANCH;EXCEPTION;WEAKMUTATION;OUTPUT;METHOD;METHODNOEXCEPTION;CBRANCH,0.8709893048128342,0.9545454545454546,236,213
DYNAMOSA,bcry.bcDictionary,LINE;BRANCH;EXCEPTION;WEAKMUTATION;OUTPUT;METHOD;METHODNOEXCEPTION;CBRANCH,0.8709893048128342,0.9545454545454546,236,213
DYNAMOSA,bcry.bcDictionary,LINE;BRANCH;EXCEPTION;WEAKMUTATION;OUTPUT;METHOD;METHODNOEXCEPTION;CBRANCH,0.8709893048128342,0.9545454545454546,236,213
DYNAMOSA,bcry.bcDictionary,LINE;BRANCH;EXCEPTION;WEAKMUTATION;OUTPUT;METHOD;METHODNOEXCEPTION;CBRANCH,0.892156862745098,1.0,236,222
DYNAMOSA,bcry.bcDictionary,LINE;BRANCH;EXCEPTION;WEAKMUTATION;OUTPUT;METHOD;METHODNOEXCEPTION;CBRANCH,0.892156862745098,1.0,236,222
DYNAMOSA,bcry.bcDictionary,LINE;BRANCH;EXCEPTION;WEAKMUTATION;OUTPUT;METHOD;METHODNOEXCEPTION;CBRANCH,0.857174688057041,0.9090909090909091,236,210
DYNAMOSA,bcry.bcDictionary,LINE;BRANCH;EXCEPTION;WEAKMUTATION;OUTPUT;METHOD;METHODNOEXCEPTION;CBRANCH,0.892156862745098,1.0,236,222
DYNAMOSA,bcry.bcDictionary,LINE;BRANCH;EXCEPTION;WEAKMUTATION;OUTPUT;METHOD;METHODNOEXCEPTION;CBRANCH,0.8864750445632799,1.0,236,221
DYNAMOSA,bcry.bcDictionary,LINE;BRANCH;EXCEPTION;WEAKMUTATION;OUTPUT;METHOD;METHODNOEXCEPTION;CBRANCH,0.8709893048128342,0.9545454545454546,236,213
DYNAMOSA,bcry.bcDictionary,LINE;BRANCH;EXCEPTION;WEAKMUTATION;OUTPUT;METHOD;METHODNOEXCEPTION;CBRANCH,0.857174688057041,0.9090909090909091,236,210
DYNAMOSA,bcry.bcDictionary,LINE;BRANCH;EXCEPTION;WEAKMUTATION;OUTPUT;METHOD;METHODNOEXCEPTION;CBRANCH,0.8909313725490196,1.0,236,221
DYNAMOSA,bcry.bcDictionary,LINE;BRANCH;EXCEPTION;WEAKMUTATION;OUTPUT;METHOD;METHODNOEXCEPTION;CBRANCH,0.8909313725490196,1.0,236,220
DYNAMOSA,bcry.bcDictionary,LINE;BRANCH;EXCEPTION;WEAKMUTATION;OUTPUT;METHOD;METHODNOEXCEPTION;CBRANCH,0.8709893048128342,0.9545454545454546,236,213
DYNAMOSA,bcry.bcDictionary,LINE;BRANCH;EXCEPTION;WEAKMUTATION;OUTPUT;METHOD;METHODNOEXCEPTION;CBRANCH,0.8709893048128342,0.9545454545454546,236,213
DYNAMOSA,bcry.bcDictionary,LINE;BRANCH;EXCEPTION;WEAKMUTATION;OUTPUT;METHOD;METHODNOEXCEPTION;CBRANCH,0.857174688057041,0.8636363636363636,236,201
DYNAMOSA,bcry.bcDictionary,LINE;BRANCH;EXCEPTION;WEAKMUTATION;OUTPUT;METHOD;METHODNOEXCEPTION;CBRANCH,0.857174688057041,0.9090909090909091,236,210
DYNAMOSA,bcry.bcDictionary,LINE;BRANCH;EXCEPTION;WEAKMUTATION;OUTPUT;METHOD;METHODNOEXCEPTION;CBRANCH,0.8709893048128342,0.9545454545454546,236,213
DYNAMOSA,bcry.bcDictionary,LINE;BRANCH;EXCEPTION;WEAKMUTATION;OUTPUT;METHOD;METHODNOEXCEPTION;CBRANCH,0.857174688057041,0.9090909090909091,236,210
DYNAMOSA,bcry.bcDictionary,LINE;BRANCH;EXCEPTION;WEAKMUTATION;OUTPUT;METHOD;METHODNOEXCEPTION;CBRANCH,0.857174688057041,0.9090909090909091,236,210
DYNAMOSA,bcry.bcDictionary,LINE;BRANCH;EXCEPTION;WEAKMUTATION;OUTPUT;METHOD;METHODNOEXCEPTION;CBRANCH,0.8709893048128342,0.9545454545454546,236,213
DYNAMOSA,bcry.bcDictionary,LINE;BRANCH;EXCEPTION;WEAKMUTATION;OUTPUT;METHOD;METHODNOEXCEPTION;CBRANCH,0.8709893048128342,0.9545454545454546,236,213
DYNAMOSA,bcry.bcDictionary,LINE;BRANCH;EXCEPTION;WEAKMUTATION;OUTPUT;METHOD;METHODNOEXCEPTION;CBRANCH,0.857174688057041,0.9090909090909091,236,210
DYNAMOSA,bcry.bcDictionary,LINE;BRANCH;EXCEPTION;WEAKMUTATION;OUTPUT;METHOD;METHODNOEXCEPTION;CBRANCH,0.8709893048128342,0.9545454545454546,236,213
DYNAMOSA,bcry.bcDictionary,LINE;BRANCH;EXCEPTION;WEAKMUTATION;OUTPUT;METHOD;METHODNOEXCEPTION;CBRANCH,0.8709893048128342,0.9545454545454546,236,211
DYNAMOSA,bcry.bcDictionary,LINE;BRANCH;EXCEPTION;WEAKMUTATION;OUTPUT;METHOD;METHODNOEXCEPTION;CBRANCH,0.857174688057041,0.9090909090909091,236,210
DYNAMOSA,bcry.bcDictionary,LINE;BRANCH;EXCEPTION;WEAKMUTATION;OUTPUT;METHOD;METHODNOEXCEPTION;CBRANCH,0.857174688057041,0.9090909090909091,236,210
DYNAMOSA,bcry.bcDictionary,LINE;BRANCH;EXCEPTION;WEAKMUTATION;OUTPUT;METHOD;METHODNOEXCEPTION;CBRANCH,0.857174688057041,0.9090909090909091,236,210
DYNAMOSA,bcry.bcDictionary,LINE;BRANCH;EXCEPTION;WEAKMUTATION;OUTPUT;METHOD;METHODNOEXCEPTION;CBRANCH,0.8709893048128342,0.9545454545454546,236,213
DYNAMOSA,bcry.bcDictionary,LINE;BRANCH;EXCEPTION;WEAKMUTATION;OUTPUT;METHOD;METHODNOEXCEPTION;CBRANCH,0.865307486631016,0.9545454545454546,236,212
DYNAMOSA,bcry.bcDictionary,LINE;BRANCH;EXCEPTION;WEAKMUTATION;OUTPUT;METHOD;METHODNOEXCEPTION;CBRANCH,0.8709893048128342,0.9545454545454546,236,213
DYNAMOSA,bcry.bcDictionary,LINE;BRANCH;EXCEPTION;WEAKMUTATION;OUTPUT;METHOD;METHODNOEXCEPTION;CBRANCH,0.8709893048128342,0.8636363636363636,236,206
DYNAMOSA,bcry.bcDictionary,LINE;BRANCH;EXCEPTION;WEAKMUTATION;OUTPUT;METHOD;METHODNOEXCEPTION;CBRANCH,0.892156862745098,1.0,236,222
DYNAMOSA,bcry.bcDictionary,LINE;BRANCH;EXCEPTION;WEAKMUTATION;OUTPUT;METHOD;METHODNOEXCEPTION;CBRANCH,0.8909313725490196,1.0,236,221
DYNAMOSA,bcry.bcDictionary,LINE;BRANCH;EXCEPTION;WEAKMUTATION;OUTPUT;METHOD;METHODNOEXCEPTION;CBRANCH,0.857174688057041,0.9090909090909091,236,210
DYNAMOSA,bcry.bcDictionary,LINE;BRANCH;EXCEPTION;WEAKMUTATION;OUTPUT;METHOD;METHODNOEXCEPTION;CBRANCH,0.8909313725490196,1.0,236,221
DYNAMOSA,bcry.bcDictionary,LINE;BRANCH;EXCEPTION;WEAKMUTATION;OUTPUT;METHOD;METHODNOEXCEPTION;CBRANCH,0.857174688057041,0.9090909090909091,236,210
DYNAMOSA,bcry.bcDictionary,LINE;BRANCH;EXCEPTION;WEAKMUTATION;OUTPUT;METHOD;METHODNOEXCEPTION;CBRANCH,0.8909313725490196,1.0,236,221
DYNAMOSA,bcry.bcDictionary,LINE;BRANCH;EXCEPTION;WEAKMUTATION;OUTPUT;METHOD;METHODNOEXCEPTION;CBRANCH,0.892156862745098,1.0,236,222
DYNAMOSA,bcry.bcDictionary,LINE;BRANCH;EXCEPTION;WEAKMUTATION;OUTPUT;METHOD;METHODNOEXCEPTION;CBRANCH,0.857174688057041,0.9090909090909091,236,210
DYNAMOSA,bcry.bcDictionary,LINE;BRANCH;EXCEPTION;WEAKMUTATION;OUTPUT;METHOD;METHODNOEXCEPTION;CBRANCH,0.8233437314319667,0.8636363636363636,236,201
DYNAMOSA,bcry.bcDictionary,LINE;BRANCH;EXCEPTION;WEAKMUTATION;OUTPUT;METHOD;METHODNOEXCEPTION;CBRANCH,0.845736779560309,0.9545454545454546,236,210
DYNAMOSA,bcry.bcDictionary,LINE;BRANCH;EXCEPTION;WEAKMUTATION;OUTPUT;METHOD;METHODNOEXCEPTION;CBRANCH,0.8709893048128342,0.9545454545454546,236,213
DYNAMOSA,bcry.bcDictionary,LINE;BRANCH;EXCEPTION;WEAKMUTATION;OUTPUT;METHOD;METHODNOEXCEPTION;CBRANCH,0.892156862745098,0.8181818181818182,236,183
DYNAMOSA,bcry.bcDictionary,LINE;BRANCH;EXCEPTION;WEAKMUTATION;OUTPUT;METHOD;METHODNOEXCEPTION;CBRANCH,0.857174688057041,0.9090909090909091,236,210
DYNAMOSA,bcry.bcDictionary,LINE;BRANCH;EXCEPTION;WEAKMUTATION;OUTPUT;METHOD;METHODNOEXCEPTION;CBRANCH,0.8709893048128342,0.9545454545454546,236,213
DYNAMOSA,bcry.bcDictionary,LINE;BRANCH;EXCEPTION;WEAKMUTATION;OUTPUT;METHOD;METHODNOEXCEPTION;CBRANCH,0.8709893048128342,0.9545454545454546,236,213
DYNAMOSA,bcry.bcDictionary,LINE;BRANCH;EXCEPTION;WEAKMUTATION;OUTPUT;METHOD;METHODNOEXCEPTION;CBRANCH,0.8709893048128342,0.9545454545454546,236,213
DYNAMOSA,bcry.bcDictionary,LINE;BRANCH;EXCEPTION;WEAKMUTATION;OUTPUT;METHOD;METHODNOEXCEPTION;CBRANCH,0.892156862745098,1.0,236,222
DYNAMOSA,bcry.bcDictionary,LINE;BRANCH;EXCEPTION;WEAKMUTATION;OUTPUT;METHOD;METHODNOEXCEPTION;CBRANCH,0.8514928698752228,0.9090909090909091,236,209
DYNAMOSA,bcry.bcDictionary,LINE;BRANCH;EXCEPTION;WEAKMUTATION;OUTPUT;METHOD;METHODNOEXCEPTION;CBRANCH,0.892156862745098,1.0,236,222
DYNAMOSA,bcry.bcDictionary,LINE;BRANCH;EXCEPTION;WEAKMUTATION;OUTPUT;METHOD;METHODNOEXCEPTION;CBRANCH,0.8709893048128342,0.9545454545454546,236,213
DYNAMOSA,bcry.bcDictionary,LINE;BRANCH;EXCEPTION;WEAKMUTATION;OUTPUT;METHOD;METHODNOEXCEPTION;CBRANCH,0.8709893048128342,0.9545454545454546,236,213
DYNAMOSA,bcry.bcDictionary,LINE;BRANCH;EXCEPTION;WEAKMUTATION;OUTPUT;METHOD;METHODNOEXCEPTION;CBRANCH,0.857174688057041,0.9090909090909091,236,210
DYNAMOSA,bcry.bcDictionary,LINE;BRANCH;EXCEPTION;WEAKMUTATION;OUTPUT;METHOD;METHODNOEXCEPTION;CBRANCH,0.8709893048128342,0.9545454545454546,236,213
DYNAMOSA,bcry.bcDictionary,LINE;BRANCH;EXCEPTION;WEAKMUTATION;OUTPUT;METHOD;METHODNOEXCEPTION;CBRANCH,0.892156862745098,1.0,236,222
DYNAMOSA,bcry.bcDictionary,LINE;BRANCH;EXCEPTION;WEAKMUTATION;OUTPUT;METHOD;METHODNOEXCEPTION;CBRANCH,0.8709893048128342,0.9545454545454546,236,213
DYNAMOSA,bcry.bcDictionary,LINE;BRANCH;EXCEPTION;WEAKMUTATION;OUTPUT;METHOD;METHODNOEXCEPTION;CBRANCH,0.8751559714795009,0.9545454545454546,235,213
DYNAMOSA,bcry.bcDictionary,LINE;BRANCH;EXCEPTION;WEAKMUTATION;OUTPUT;METHOD;METHODNOEXCEPTION;CBRANCH,0.8709893048128342,0.9545454545454546,236,213
DYNAMOSA,bcry.bcDictionary,LINE;BRANCH;EXCEPTION;WEAKMUTATION;OUTPUT;METHOD;METHODNOEXCEPTION;CBRANCH,0.865307486631016,0.9545454545454546,236,212
DYNAMOSA,bcry.bcDictionary,LINE;BRANCH;EXCEPTION;WEAKMUTATION;OUTPUT;METHOD;METHODNOEXCEPTION;CBRANCH,0.892156862745098,0.8636363636363636,236,201
DYNAMOSA,bcry.bcDictionary,LINE;BRANCH;EXCEPTION;WEAKMUTATION;OUTPUT;METHOD;METHODNOEXCEPTION;CBRANCH,0.8709893048128342,0.9545454545454546,236,213
DYNAMOSA,bcry.bcDictionary,LINE;BRANCH;EXCEPTION;WEAKMUTATION;OUTPUT;METHOD;METHODNOEXCEPTION;CBRANCH,0.8709893048128342,0.9545454545454546,236,213
DYNAMOSA,bcry.bcDictionary,LINE;BRANCH;EXCEPTION;WEAKMUTATION;OUTPUT;METHOD;METHODNOEXCEPTION;CBRANCH,0.8709893048128342,0.9545454545454546,236,212
DYNAMOSA,bcry.bcDictionary,LINE;BRANCH;EXCEPTION;WEAKMUTATION;OUTPUT;METHOD;METHODNOEXCEPTION;CBRANCH,0.857174688057041,0.8636363636363636,236,206
DYNAMOSA,bcry.bcDictionary,LINE;BRANCH;EXCEPTION;WEAKMUTATION;OUTPUT;METHOD;METHODNOEXCEPTION;CBRANCH,0.8709893048128342,0.9545454545454546,236,213
DYNAMOSA,bcry.bcDictionary,LINE;BRANCH;EXCEPTION;WEAKMUTATION;OUTPUT;METHOD;METHODNOEXCEPTION;CBRANCH,0.857174688057041,0.9090909090909091,236,210
DYNAMOSA,bcry.bcDictionary,LINE;BRANCH;EXCEPTION;WEAKMUTATION;OUTPUT;METHOD;METHODNOEXCEPTION;CBRANCH,0.8709893048128342,0.9545454545454546,236,213
DYNAMOSA,bcry.bcDictionary,LINE;BRANCH;EXCEPTION;WEAKMUTATION;OUTPUT;METHOD;METHODNOEXCEPTION;CBRANCH,0.8709893048128342,0.9545454545454546,236,213
DYNAMOSA,bcry.bcDictionary,LINE;BRANCH;EXCEPTION;WEAKMUTATION;OUTPUT;METHOD;METHODNOEXCEPTION;CBRANCH,0.865307486631016,0.9090909090909091,236,202
DYNAMOSA,bcry.bcDictionary,LINE;BRANCH;EXCEPTION;WEAKMUTATION;OUTPUT;METHOD;METHODNOEXCEPTION;CBRANCH,0.8709893048128342,0.8181818181818182,236,202
DYNAMOSA,bcry.bcDictionary,LINE;BRANCH;EXCEPTION;WEAKMUTATION;OUTPUT;METHOD;METHODNOEXCEPTION;CBRANCH,0.8909313725490196,1.0,236,221
DYNAMOSA,bcry.bcDictionary,LINE;BRANCH;EXCEPTION;WEAKMUTATION;OUTPUT;METHOD;METHODNOEXCEPTION;CBRANCH,0.892156862745098,1.0,236,222
DYNAMOSA,bcry.bcDictionary,LINE;BRANCH;EXCEPTION;WEAKMUTATION;OUTPUT;METHOD;METHODNOEXCEPTION;CBRANCH,0.8709893048128342,0.9545454545454546,236,213
DYNAMOSA,bcry.bcDictionary,LINE;BRANCH;EXCEPTION;WEAKMUTATION;OUTPUT;METHOD;METHODNOEXCEPTION;CBRANCH,0.8709893048128342,0.9545454545454546,236,213
DYNAMOSA,bcry.bcDictionary,LINE;BRANCH;EXCEPTION;WEAKMUTATION;OUTPUT;METHOD;METHODNOEXCEPTION;CBRANCH,0.857174688057041,0.9090909090909091,236,210
DYNAMOSA,bcry.bcDictionary,LINE;BRANCH;EXCEPTION;WEAKMUTATION;OUTPUT;METHOD;METHODNOEXCEPTION;CBRANCH,0.8709893048128342,0.9545454545454546,236,213
DYNAMOSA,bcry.bcDictionary,LINE;BRANCH;EXCEPTION;WEAKMUTATION;OUTPUT;METHOD;METHODNOEXCEPTION;CBRANCH,0.8709893048128342,0.9545454545454546,236,213
DYNAMOSA,bcry.bcDictionary,LINE;BRANCH;EXCEPTION;WEAKMUTATION;OUTPUT;METHOD;METHODNOEXCEPTION;CBRANCH,0.857174688057041,0.9090909090909091,236,210
DYNAMOSA,bcry.bcDictionary,LINE;BRANCH;EXCEPTION;WEAKMUTATION;OUTPUT;METHOD;METHODNOEXCEPTION;CBRANCH,0.892156862745098,1.0,236,222
DYNAMOSA,bcry.bcDictionary,LINE;BRANCH;EXCEPTION;WEAKMUTATION;OUTPUT;METHOD;METHODNOEXCEPTION;CBRANCH,0.8909313725490196,1.0,236,221
DYNAMOSA,bcry.bcDictionary,LINE;BRANCH;EXCEPTION;WEAKMUTATION;OUTPUT;METHOD;METHODNOEXCEPTION;CBRANCH,0.8709893048128342,0.9090909090909091,236,209
DYNAMOSA,bcry.bcDictionary,LINE;BRANCH;EXCEPTION;WEAKMUTATION;OUTPUT;METHOD;METHODNOEXCEPTION;CBRANCH,0.8709893048128342,0.9545454545454546,236,213
DYNAMOSA,bcry.bcDictionary,LINE;BRANCH;EXCEPTION;WEAKMUTATION;OUTPUT;METHOD;METHODNOEXCEPTION;CBRANCH,0.8709893048128342,0.9545454545454546,236,213
DYNAMOSA,bcry.bcDictionary,LINE;BRANCH;EXCEPTION;WEAKMUTATION;OUTPUT;METHOD;METHODNOEXCEPTION;CBRANCH,0.892156862745098,1.0,236,222
DYNAMOSA,bcry.bcDictionary,LINE;BRANCH;EXCEPTION;WEAKMUTATION;OUTPUT;METHOD;METHODNOEXCEPTION;CBRANCH,0.8233437314319667,0.8636363636363636,236,201
DYNAMOSA,bcry.bcDictionary,LINE;BRANCH;EXCEPTION;WEAKMUTATION;OUTPUT;METHOD;METHODNOEXCEPTION;CBRANCH,0.8709893048128342,0.9545454545454546,236,213
DYNAMOSA,bcry.bcDictionary,LINE;BRANCH;EXCEPTION;WEAKMUTATION;OUTPUT;METHOD;METHODNOEXCEPTION;CBRANCH,0.8709893048128342,0.9545454545454546,236,213
DYNAMOSA,bcry.bcDictionary,LINE;BRANCH;EXCEPTION;WEAKMUTATION;OUTPUT;METHOD;METHODNOEXCEPTION;CBRANCH,0.8709893048128342,0.9545454545454546,236,211
DYNAMOSA,bcry.bcDictionary,LINE;BRANCH;EXCEPTION;WEAKMUTATION;OUTPUT;METHOD;METHODNOEXCEPTION;CBRANCH,0.857174688057041,0.9090909090909091,236,208
DYNAMOSA,bcry.bcDictionary,LINE;BRANCH;EXCEPTION;WEAKMUTATION;OUTPUT;METHOD;METHODNOEXCEPTION;CBRANCH,0.857174688057041,0.9090909090909091,236,210
DYNAMOSA,bcry.bcDictionary,LINE;BRANCH;EXCEPTION;WEAKMUTATION;OUTPUT;METHOD;METHODNOEXCEPTION;CBRANCH,0.8709893048128342,0.9545454545454546,236,213
DYNAMOSA,bcry.bcDictionary,LINE;BRANCH;EXCEPTION;WEAKMUTATION;OUTPUT;METHOD;METHODNOEXCEPTION;CBRANCH,0.8709893048128342,0.9545454545454546,236,213
DYNAMOSA,bcry.bcDictionary,LINE;BRANCH;EXCEPTION;WEAKMUTATION;OUTPUT;METHOD;METHODNOEXCEPTION;CBRANCH,0.8709893048128342,0.9545454545454546,236,213
DYNAMOSA,bcry.bcDictionary,LINE;BRANCH;EXCEPTION;WEAKMUTATION;OUTPUT;METHOD;METHODNOEXCEPTION;CBRANCH,0.8709893048128342,0.9545454545454546,236,213
DYNAMOSA,bcry.bcDictionary,LINE;BRANCH;EXCEPTION;WEAKMUTATION;OUTPUT;METHOD;METHODNOEXCEPTION;CBRANCH,0.892156862745098,1.0,236,221
DYNAMOSA,bcry.bcDictionary,LINE;BRANCH;EXCEPTION;WEAKMUTATION;OUTPUT;METHOD;METHODNOEXCEPTION;CBRANCH,0.8709893048128342,0.9545454545454546,236,213
DYNAMOSA,bcry.bcDictionary,LINE;BRANCH;EXCEPTION;WEAKMUTATION;OUTPUT;METHOD;METHODNOEXCEPTION;CBRANCH,0.8709893048128342,0.9545454545454546,236,213
DYNAMOSA,bcry.bcDictionary,LINE;BRANCH;EXCEPTION;WEAKMUTATION;OUTPUT;METHOD;METHODNOEXCEPTION;CBRANCH,0.857174688057041,0.9090909090909091,236,210
DYNAMOSA,bcry.bcDictionary,LINE;BRANCH;EXCEPTION;WEAKMUTATION;OUTPUT;METHOD;METHODNOEXCEPTION;CBRANCH,0.8909313725490196,1.0,236,221
DYNAMOSA,bcry.bcDictionary,LINE;BRANCH;EXCEPTION;WEAKMUTATION;OUTPUT;METHOD;METHODNOEXCEPTION;CBRANCH,0.8709893048128342,0.9545454545454546,236,213
DYNAMOSA,bcry.bcDictionary,LINE;BRANCH;EXCEPTION;WEAKMUTATION;OUTPUT;METHOD;METHODNOEXCEPTION;CBRANCH,0.857174688057041,0.9090909090909091,236,210
DYNAMOSA,bcry.bcDictionary,LINE;BRANCH;EXCEPTION;WEAKMUTATION;OUTPUT;METHOD;METHODNOEXCEPTION;CBRANCH,0.857174688057041,0.9090909090909091,236,210
DYNAMOSA,bcry.bcDictionary,LINE;BRANCH;EXCEPTION;WEAKMUTATION;OUTPUT;METHOD;METHODNOEXCEPTION;CBRANCH,0.857174688057041,0.9090909090909091,236,210
DYNAMOSA,bcry.bcDictionary,LINE;BRANCH;EXCEPTION;WEAKMUTATION;OUTPUT;METHOD;METHODNOEXCEPTION;CBRANCH,0.8233437314319667,0.8636363636363636,236,201
DYNAMOSA,bcry.bcDictionary,LINE;BRANCH;EXCEPTION;WEAKMUTATION;OUTPUT;METHOD;METHODNOEXCEPTION;CBRANCH,0.8709893048128342,0.9545454545454546,236,213
DYNAMOSA,bcry.bcDictionary,LINE;BRANCH;EXCEPTION;WEAKMUTATION;OUTPUT;METHOD;METHODNOEXCEPTION;CBRANCH,0.8709893048128342,0.9545454545454546,236,213
DYNAMOSA,bcry.bcDictionary,LINE;BRANCH;EXCEPTION;WEAKMUTATION;OUTPUT;METHOD;METHODNOEXCEPTION;CBRANCH,0.8709893048128342,0.9545454545454546,236,211
DYNAMOSA,bcry.bcDictionary,LINE;BRANCH;EXCEPTION;WEAKMUTATION;OUTPUT;METHOD;METHODNOEXCEPTION;CBRANCH,0.857174688057041,0.9090909090909091,236,208
DYNAMOSA,bcry.bcDictionary,LINE;BRANCH;EXCEPTION;WEAKMUTATION;OUTPUT;METHOD;METHODNOEXCEPTION;CBRANCH,0.857174688057041,0.9090909090909091,236,210
DYNAMOSA,bcry.bcDictionary,LINE;BRANCH;EXCEPTION;WEAKMUTATION;OUTPUT;METHOD;METHODNOEXCEPTION;CBRANCH,0.8709893048128342,0.9545454545454546,236,213
DYNAMOSA,bcry.bcDictionary,LINE;BRANCH;EXCEPTION;WEAKMUTATION;OUTPUT;METHOD;METHODNOEXCEPTION;CBRANCH,0.8709893048128342,0.9545454545454546,236,213
DYNAMOSA,bcry.bcDictionary,LINE;BRANCH;EXCEPTION;WEAKMUTATION;OUTPUT;METHOD;METHODNOEXCEPTION;CBRANCH,0.8709893048128342,0.9545454545454546,236,213
DYNAMOSA,bcry.bcDictionary,LINE;BRANCH;EXCEPTION;WEAKMUTATION;OUTPUT;METHOD;METHODNOEXCEPTION;CBRANCH,0.8709893048128342,0.9545454545454546,236,212
DYNAMOSA,bcry.bcDictionary,LINE;BRANCH;EXCEPTION;WEAKMUTATION;OUTPUT;METHOD;METHODNOEXCEPTION;CBRANCH,0.8709893048128342,0.9090909090909091,236,207
DYNAMOSA,bcry.bcDictionary,LINE;BRANCH;EXCEPTION;WEAKMUTATION;OUTPUT;METHOD;METHODNOEXCEPTION;CBRANCH,0.892156862745098,1.0,236,222
DYNAMOSA,bcry.bcDictionary,LINE;BRANCH;EXCEPTION;WEAKMUTATION;OUTPUT;METHOD;METHODNOEXCEPTION;CBRANCH,0.892156862745098,1.0,236,222
DYNAMOSA,bcry.bcDictionary,LINE;BRANCH;EXCEPTION;WEAKMUTATION;OUTPUT;METHOD;METHODNOEXCEPTION;CBRANCH,0.8709893048128342,0.9545454545454546,236,213
DYNAMOSA,bcry.bcDictionary,LINE;BRANCH;EXCEPTION;WEAKMUTATION;OUTPUT;METHOD;METHODNOEXCEPTION;CBRANCH,0.8709893048128342,0.9545454545454546,236,213
DYNAMOSA,bcry.bcDictionary,LINE;BRANCH;EXCEPTION;WEAKMUTATION;OUTPUT;METHOD;METHODNOEXCEPTION;CBRANCH,0.8233437314319667,0.8636363636363636,236,201
DYNAMOSA,bcry.bcDictionary,LINE;BRANCH;EXCEPTION;WEAKMUTATION;OUTPUT;METHOD;METHODNOEXCEPTION;CBRANCH,0.857174688057041,0.9090909090909091,236,210
DYNAMOSA,bcry.bcDictionary,LINE;BRANCH;EXCEPTION;WEAKMUTATION;OUTPUT;METHOD;METHODNOEXCEPTION;CBRANCH,0.8909313725490196,1.0,236,221
DYNAMOSA,bcry.bcDictionary,LINE;BRANCH;EXCEPTION;WEAKMUTATION;OUTPUT;METHOD;METHODNOEXCEPTION;CBRANCH,0.8709893048128342,0.9545454545454546,236,213
DYNAMOSA,bcry.bcDictionary,LINE;BRANCH;EXCEPTION;WEAKMUTATION;OUTPUT;METHOD;METHODNOEXCEPTION;CBRANCH,0.8709893048128342,0.9545454545454546,236,213
DYNAMOSA,bcry.bcDictionary,LINE;BRANCH;EXCEPTION;WEAKMUTATION;OUTPUT;METHOD;METHODNOEXCEPTION;CBRANCH,0.892156862745098,1.0,236,222
DYNAMOSA,bcry.bcDictionary,LINE;BRANCH;EXCEPTION;WEAKMUTATION;OUTPUT;METHOD;METHODNOEXCEPTION;CBRANCH,0.892156862745098,1.0,236,222
DYNAMOSA,bcry.bcDictionary,LINE;BRANCH;EXCEPTION;WEAKMUTATION;OUTPUT;METHOD;METHODNOEXCEPTION;CBRANCH,0.8709893048128342,0.9545454545454546,236,213
DYNAMOSA,bcry.bcDictionary,LINE;BRANCH;EXCEPTION;WEAKMUTATION;OUTPUT;METHOD;METHODNOEXCEPTION;CBRANCH,0.8709893048128342,0.8636363636363636,236,199
DYNAMOSA,bcry.bcDictionary,LINE;BRANCH;EXCEPTION;WEAKMUTATION;OUTPUT;METHOD;METHODNOEXCEPTION;CBRANCH,0.8709893048128342,0.9545454545454546,236,213
DYNAMOSA,bcry.bcDictionary,LINE;BRANCH;EXCEPTION;WEAKMUTATION;OUTPUT;METHOD;METHODNOEXCEPTION;CBRANCH,0.892156862745098,1.0,236,222
DYNAMOSA,bcry.bcDictionary,LINE;BRANCH;EXCEPTION;WEAKMUTATION;OUTPUT;METHOD;METHODNOEXCEPTION;CBRANCH,0.857174688057041,0.9090909090909091,236,210
DYNAMOSA,bcry.bcDictionary,LINE;BRANCH;EXCEPTION;WEAKMUTATION;OUTPUT;METHOD;METHODNOEXCEPTION;CBRANCH,0.8709893048128342,0.9545454545454546,236,213
DYNAMOSA,bcry.bcDictionary,LINE;BRANCH;EXCEPTION;WEAKMUTATION;OUTPUT;METHOD;METHODNOEXCEPTION;CBRANCH,0.8709893048128342,0.9545454545454546,236,213
DYNAMOSA,bcry.bcDictionary,LINE;BRANCH;EXCEPTION;WEAKMUTATION;OUTPUT;METHOD;METHODNOEXCEPTION;CBRANCH,0.8709893048128342,0.9545454545454546,236,213
DYNAMOSA,bcry.bcDictionary,LINE;BRANCH;EXCEPTION;WEAKMUTATION;OUTPUT;METHOD;METHODNOEXCEPTION;CBRANCH,0.8709893048128342,0.9545454545454546,236,213
DYNAMOSA,bcry.bcDictionary,LINE;BRANCH;EXCEPTION;WEAKMUTATION;OUTPUT;METHOD;METHODNOEXCEPTION;CBRANCH,0.8709893048128342,0.9545454545454546,236,213
DYNAMOSA,bcry.bcDictionary,LINE;BRANCH;EXCEPTION;WEAKMUTATION;OUTPUT;METHOD;METHODNOEXCEPTION;CBRANCH,0.857174688057041,0.8636363636363636,236,201
DYNAMOSA,bcry.bcDictionary,LINE;BRANCH;EXCEPTION;WEAKMUTATION;OUTPUT;METHOD;METHODNOEXCEPTION;CBRANCH,0.8709893048128342,0.9545454545454546,236,213
DYNAMOSA,bcry.bcDictionary,LINE;BRANCH;EXCEPTION;WEAKMUTATION;OUTPUT;METHOD;METHODNOEXCEPTION;CBRANCH,0.8709893048128342,0.9545454545454546,236,213
DYNAMOSA,bcry.bcDictionary,LINE;BRANCH;EXCEPTION;WEAKMUTATION;OUTPUT;METHOD;METHODNOEXCEPTION;CBRANCH,0.857174688057041,0.9090909090909091,236,210
DYNAMOSA,bcry.bcDictionary,LINE;BRANCH;EXCEPTION;WEAKMUTATION;OUTPUT;METHOD;METHODNOEXCEPTION;CBRANCH,0.8709893048128342,0.9545454545454546,236,213
DYNAMOSA,bcry.bcDictionary,LINE;BRANCH;EXCEPTION;WEAKMUTATION;OUTPUT;METHOD;METHODNOEXCEPTION;CBRANCH,0.8909313725490196,1.0,236,221
DYNAMOSA,bcry.bcDictionary,LINE;BRANCH;EXCEPTION;WEAKMUTATION;OUTPUT;METHOD;METHODNOEXCEPTION;CBRANCH,0.857174688057041,0.9090909090909091,236,210
DYNAMOSA,bcry.bcDictionary,LINE;BRANCH;EXCEPTION;WEAKMUTATION;OUTPUT;METHOD;METHODNOEXCEPTION;CBRANCH,0.8709893048128342,0.9545454545454546,236,213
DYNAMOSA,bcry.bcDictionary,LINE;BRANCH;EXCEPTION;WEAKMUTATION;OUTPUT;METHOD;METHODNOEXCEPTION;CBRANCH,0.865307486631016,0.9545454545454546,236,212
DYNAMOSA,bcry.bcDictionary,LINE;BRANCH;EXCEPTION;WEAKMUTATION;OUTPUT;METHOD;METHODNOEXCEPTION;CBRANCH,0.857174688057041,0.9090909090909091,236,210
DYNAMOSA,bcry.bcDictionary,LINE;BRANCH;EXCEPTION;WEAKMUTATION;OUTPUT;METHOD;METHODNOEXCEPTION;CBRANCH,0.8709893048128342,0.9545454545454546,236,213
DYNAMOSA,bcry.bcDictionary,LINE;BRANCH;EXCEPTION;WEAKMUTATION;OUTPUT;METHOD;METHODNOEXCEPTION;CBRANCH,0.8709893048128342,0.9545454545454546,236,212
DYNAMOSA,bcry.bcDictionary,LINE;BRANCH;EXCEPTION;WEAKMUTATION;OUTPUT;METHOD;METHODNOEXCEPTION;CBRANCH,0.865307486631016,0.9545454545454546,236,212
DYNAMOSA,bcry.bcDictionary,LINE;BRANCH;EXCEPTION;WEAKMUTATION;OUTPUT;METHOD;METHODNOEXCEPTION;CBRANCH,0.8709893048128342,0.9545454545454546,236,213
DYNAMOSA,bcry.bcDictionary,LINE;BRANCH;EXCEPTION;WEAKMUTATION;OUTPUT;METHOD;METHODNOEXCEPTION;CBRANCH,0.8864750445632799,1.0,236,221
DYNAMOSA,bcry.bcDictionary,LINE;BRANCH;EXCEPTION;WEAKMUTATION;OUTPUT;METHOD;METHODNOEXCEPTION;CBRANCH,0.857174688057041,0.9090909090909091,236,210
DYNAMOSA,bcry.bcDictionary,LINE;BRANCH;EXCEPTION;WEAKMUTATION;OUTPUT;METHOD;METHODNOEXCEPTION;CBRANCH,0.892156862745098,0.9545454545454546,236,210
DYNAMOSA,bcry.bcDictionary,LINE;BRANCH;EXCEPTION;WEAKMUTATION;OUTPUT;METHOD;METHODNOEXCEPTION;CBRANCH,0.892156862745098,1.0,236,222
DYNAMOSA,bcry.bcDictionary,LINE;BRANCH;EXCEPTION;WEAKMUTATION;OUTPUT;METHOD;METHODNOEXCEPTION;CBRANCH,0.8709893048128342,0.9545454545454546,236,212
DYNAMOSA,bcry.bcDictionary,LINE;BRANCH;EXCEPTION;WEAKMUTATION;OUTPUT;METHOD;METHODNOEXCEPTION;CBRANCH,0.8909313725490196,1.0,236,221
DYNAMOSA,bcry.bcDictionary,LINE;BRANCH;EXCEPTION;WEAKMUTATION;OUTPUT;METHOD;METHODNOEXCEPTION;CBRANCH,0.892156862745098,1.0,236,222
DYNAMOSA,bcry.bcDictionary,LINE;BRANCH;EXCEPTION;WEAKMUTATION;OUTPUT;METHOD;METHODNOEXCEPTION;CBRANCH,0.8709893048128342,0.9545454545454546,236,213
DYNAMOSA,bcry.bcDictionary,LINE;BRANCH;EXCEPTION;WEAKMUTATION;OUTPUT;METHOD;METHODNOEXCEPTION;CBRANCH,0.892156862745098,1.0,236,222
DYNAMOSA,bcry.bcDictionary,LINE;BRANCH;EXCEPTION;WEAKMUTATION;OUTPUT;METHOD;METHODNOEXCEPTION;CBRANCH,0.857174688057041,0.9090909090909091,236,210
DYNAMOSA,bcry.bcDictionary,LINE;BRANCH;EXCEPTION;WEAKMUTATION;OUTPUT;METHOD;METHODNOEXCEPTION;CBRANCH,0.8709893048128342,0.9545454545454546,236,213
DYNAMOSA,bcry.bcDictionary,LINE;BRANCH;EXCEPTION;WEAKMUTATION;OUTPUT;METHOD;METHODNOEXCEPTION;CBRANCH,0.8709893048128342,0.9545454545454546,236,213
DYNAMOSA,bcry.bcDictionary,LINE;BRANCH;EXCEPTION;WEAKMUTATION;OUTPUT;METHOD;METHODNOEXCEPTION;CBRANCH,0.8709893048128342,0.9545454545454546,236,213
DYNAMOSA,bcry.bcDictionary,LINE;BRANCH;EXCEPTION;WEAKMUTATION;OUTPUT;METHOD;METHODNOEXCEPTION;CBRANCH,0.8709893048128342,0.9545454545454546,236,213
DYNAMOSA,bcry.bcDictionary,LINE;BRANCH;EXCEPTION;WEAKMUTATION;OUTPUT;METHOD;METHODNOEXCEPTION;CBRANCH,0.8709893048128342,0.9545454545454546,236,213
DYNAMOSA,bcry.bcDictionary,LINE;BRANCH;EXCEPTION;WEAKMUTATION;OUTPUT;METHOD;METHODNOEXCEPTION;CBRANCH,0.857174688057041,0.9090909090909091,236,210
DYNAMOSA,bcry.bcDictionary,LINE;BRANCH;EXCEPTION;WEAKMUTATION;OUTPUT;METHOD;METHODNOEXCEPTION;CBRANCH,0.892156862745098,1.0,236,222
DYNAMOSA,bcry.bcDictionary,LINE;BRANCH;EXCEPTION;WEAKMUTATION;OUTPUT;METHOD;METHODNOEXCEPTION;CBRANCH,0.8909313725490196,1.0,236,221
DYNAMOSA,bcry.bcDictionary,LINE;BRANCH;EXCEPTION;WEAKMUTATION;OUTPUT;METHOD;METHODNOEXCEPTION;CBRANCH,0.8709893048128342,0.9545454545454546,236,213
DYNAMOSA,bcry.bcDictionary,LINE;BRANCH;EXCEPTION;WEAKMUTATION;OUTPUT;METHOD;METHODNOEXCEPTION;CBRANCH,0.8709893048128342,0.9545454545454546,236,213
DYNAMOSA,bcry.bcDictionary,LINE;BRANCH;EXCEPTION;WEAKMUTATION;OUTPUT;METHOD;METHODNOEXCEPTION;CBRANCH,0.8709893048128342,0.9545454545454546,236,213
DYNAMOSA,bcry.bcDictionary,LINE;BRANCH;EXCEPTION;WEAKMUTATION;OUTPUT;METHOD;METHODNOEXCEPTION;CBRANCH,0.8709893048128342,0.9545454545454546,236,213
DYNAMOSA,bcry.bcDictionary,LINE;BRANCH;EXCEPTION;WEAKMUTATION;OUTPUT;METHOD;METHODNOEXCEPTION;CBRANCH,0.8709893048128342,0.9545454545454546,236,213
DYNAMOSA,bcry.bcDictionary,LINE;BRANCH;EXCEPTION;WEAKMUTATION;OUTPUT;METHOD;METHODNOEXCEPTION;CBRANCH,0.892156862745098,1.0,236,222
DYNAMOSA,bcry.bcDictionary,LINE;BRANCH;EXCEPTION;WEAKMUTATION;OUTPUT;METHOD;METHODNOEXCEPTION;CBRANCH,0.857174688057041,0.9090909090909091,236,210
DYNAMOSA,bcry.bcDictionary,LINE;BRANCH;EXCEPTION;WEAKMUTATION;OUTPUT;METHOD;METHODNOEXCEPTION;CBRANCH,0.8909313725490196,1.0,236,221
DYNAMOSA,bcry.bcDictionary,LINE;BRANCH;EXCEPTION;WEAKMUTATION;OUTPUT;METHOD;METHODNOEXCEPTION;CBRANCH,0.8709893048128342,0.9545454545454546,236,213
DYNAMOSA,bcry.bcDictionary,LINE;BRANCH;EXCEPTION;WEAKMUTATION;OUTPUT;METHOD;METHODNOEXCEPTION;CBRANCH,0.8709893048128342,0.9545454545454546,236,213
DYNAMOSA,bcry.bcDictionary,LINE;BRANCH;EXCEPTION;WEAKMUTATION;OUTPUT;METHOD;METHODNOEXCEPTION;CBRANCH,0.857174688057041,0.9090909090909091,236,210
DYNAMOSA,bcry.bcDictionary,LINE;BRANCH;EXCEPTION;WEAKMUTATION;OUTPUT;METHOD;METHODNOEXCEPTION;CBRANCH,0.8909313725490196,1.0,236,221
DYNAMOSA,bcry.bcDictionary,LINE;BRANCH;EXCEPTION;WEAKMUTATION;OUTPUT;METHOD;METHODNOEXCEPTION;CBRANCH,0.8709893048128342,0.9545454545454546,236,213
DYNAMOSA,bcry.bcDictionary,LINE;BRANCH;EXCEPTION;WEAKMUTATION;OUTPUT;METHOD;METHODNOEXCEPTION;CBRANCH,0.8709893048128342,0.9545454545454546,236,213
DYNAMOSA,bcry.bcDictionary,LINE;BRANCH;EXCEPTION;WEAKMUTATION;OUTPUT;METHOD;METHODNOEXCEPTION;CBRANCH,0.8709893048128342,0.9545454545454546,236,213
DYNAMOSA,bcry.bcDictionary,LINE;BRANCH;EXCEPTION;WEAKMUTATION;OUTPUT;METHOD;METHODNOEXCEPTION;CBRANCH,0.8709893048128342,0.9545454545454546,236,213
DYNAMOSA,bcry.bcDictionary,LINE;BRANCH;EXCEPTION;WEAKMUTATION;OUTPUT;METHOD;METHODNOEXCEPTION;CBRANCH,0.865307486631016,0.9545454545454546,236,212
DYNAMOSA,bcry.bcDictionary,LINE;BRANCH;EXCEPTION;WEAKMUTATION;OUTPUT;METHOD;METHODNOEXCEPTION;CBRANCH,0.8709893048128342,0.9545454545454546,236,212
DYNAMOSA,bcry.bcDictionary,LINE;BRANCH;EXCEPTION;WEAKMUTATION;OUTPUT;METHOD;METHODNOEXCEPTION;CBRANCH,0.8709893048128342,0.9545454545454546,236,213
DYNAMOSA,bcry.bcDictionary,LINE;BRANCH;EXCEPTION;WEAKMUTATION;OUTPUT;METHOD;METHODNOEXCEPTION;CBRANCH,0.892156862745098,1.0,236,222
DYNAMOSA,bcry.bcDictionary,LINE;BRANCH;EXCEPTION;WEAKMUTATION;OUTPUT;METHOD;METHODNOEXCEPTION;CBRANCH,0.8709893048128342,0.9545454545454546,236,213
DYNAMOSA,bcry.bcDictionary,LINE;BRANCH;EXCEPTION;WEAKMUTATION;OUTPUT;METHOD;METHODNOEXCEPTION;CBRANCH,0.8709893048128342,0.9545454545454546,236,213
DYNAMOSA,bcry.bcDictionary,LINE;BRANCH;EXCEPTION;WEAKMUTATION;OUTPUT;METHOD;METHODNOEXCEPTION;CBRANCH,0.857174688057041,0.9090909090909091,236,210
DYNAMOSA,bcry.bcDictionary,LINE;BRANCH;EXCEPTION;WEAKMUTATION;OUTPUT;METHOD;METHODNOEXCEPTION;CBRANCH,0.857174688057041,0.8181818181818182,236,202
DYNAMOSA,bcry.bcDictionary,LINE;BRANCH;EXCEPTION;WEAKMUTATION;OUTPUT;METHOD;METHODNOEXCEPTION;CBRANCH,0.8709893048128342,0.9545454545454546,236,213
DYNAMOSA,bcry.bcDictionary,LINE;BRANCH;EXCEPTION;WEAKMUTATION;OUTPUT;METHOD;METHODNOEXCEPTION;CBRANCH,0.8709893048128342,0.9545454545454546,236,213
DYNAMOSA,bcry.bcDictionary,LINE;BRANCH;EXCEPTION;WEAKMUTATION;OUTPUT;METHOD;METHODNOEXCEPTION;CBRANCH,0.865307486631016,0.9545454545454546,236,212
DYNAMOSA,bcry.bcDictionary,LINE;BRANCH;EXCEPTION;WEAKMUTATION;OUTPUT;METHOD;METHODNOEXCEPTION;CBRANCH,0.857174688057041,0.9090909090909091,236,210
DYNAMOSA,bcry.bcDictionary,LINE;BRANCH;EXCEPTION;WEAKMUTATION;OUTPUT;METHOD;METHODNOEXCEPTION;CBRANCH,0.8709893048128342,0.9545454545454546,236,213
DYNAMOSA,bcry.bcDictionary,LINE;BRANCH;EXCEPTION;WEAKMUTATION;OUTPUT;METHOD;METHODNOEXCEPTION;CBRANCH,0.8709893048128342,0.9090909090909091,236,210
DYNAMOSA,bcry.bcDictionary,LINE;BRANCH;EXCEPTION;WEAKMUTATION;OUTPUT;METHOD;METHODNOEXCEPTION;CBRANCH,0.8709893048128342,0.9545454545454546,236,213
DYNAMOSA,bcry.bcDictionary,LINE;BRANCH;EXCEPTION;WEAKMUTATION;OUTPUT;METHOD;METHODNOEXCEPTION;CBRANCH,0.8709893048128342,0.9545454545454546,236,213
DYNAMOSA,bcry.bcDictionary,LINE;BRANCH;EXCEPTION;WEAKMUTATION;OUTPUT;METHOD;METHODNOEXCEPTION;CBRANCH,0.857174688057041,0.9090909090909091,236,210
DYNAMOSA,bcry.bcDictionary,LINE;BRANCH;EXCEPTION;WEAKMUTATION;OUTPUT;METHOD;METHODNOEXCEPTION;CBRANCH,0.8709893048128342,0.9545454545454546,236,213
DYNAMOSA,bcry.bcDictionary,LINE;BRANCH;EXCEPTION;WEAKMUTATION;OUTPUT;METHOD;METHODNOEXCEPTION;CBRANCH,0.8709893048128342,0.9545454545454546,236,212
DYNAMOSA,bcry.bcDictionary,LINE;BRANCH;EXCEPTION;WEAKMUTATION;OUTPUT;METHOD;METHODNOEXCEPTION;CBRANCH,0.8709893048128342,0.9545454545454546,236,212
DYNAMOSA,bcry.bcDictionary,LINE;BRANCH;EXCEPTION;WEAKMUTATION;OUTPUT;METHOD;METHODNOEXCEPTION;CBRANCH,0.8709893048128342,0.9545454545454546,236,213
DYNAMOSA,bcry.bcDictionary,LINE;BRANCH;EXCEPTION;WEAKMUTATION;OUTPUT;METHOD;METHODNOEXCEPTION;CBRANCH,0.8709893048128342,0.9545454545454546,236,213
DYNAMOSA,bcry.bcDictionary,LINE;BRANCH;EXCEPTION;WEAKMUTATION;OUTPUT;METHOD;METHODNOEXCEPTION;CBRANCH,0.8709893048128342,0.9545454545454546,236,213
DYNAMOSA,bcry.bcDictionary,LINE;BRANCH;EXCEPTION;WEAKMUTATION;OUTPUT;METHOD;METHODNOEXCEPTION;CBRANCH,0.8909313725490196,1.0,236,220
DYNAMOSA,bcry.bcDictionary,LINE;BRANCH;EXCEPTION;WEAKMUTATION;OUTPUT;METHOD;METHODNOEXCEPTION;CBRANCH,0.8709893048128342,0.9545454545454546,236,213
DYNAMOSA,bcry.bcDictionary,LINE;BRANCH;EXCEPTION;WEAKMUTATION;OUTPUT;METHOD;METHODNOEXCEPTION;CBRANCH,0.8709893048128342,0.9545454545454546,236,213
DYNAMOSA,bcry.bcDictionary,LINE;BRANCH;EXCEPTION;WEAKMUTATION;OUTPUT;METHOD;METHODNOEXCEPTION;CBRANCH,0.857174688057041,0.9090909090909091,236,210
DYNAMOSA,bcry.bcDictionary,LINE;BRANCH;EXCEPTION;WEAKMUTATION;OUTPUT;METHOD;METHODNOEXCEPTION;CBRANCH,0.8909313725490196,0.9545454545454546,236,213
DYNAMOSA,bcry.bcDictionary,LINE;BRANCH;EXCEPTION;WEAKMUTATION;OUTPUT;METHOD;METHODNOEXCEPTION;CBRANCH,0.8909313725490196,1.0,236,221
DYNAMOSA,bcry.bcDictionary,LINE;BRANCH;EXCEPTION;WEAKMUTATION;OUTPUT;METHOD;METHODNOEXCEPTION;CBRANCH,0.857174688057041,0.9090909090909091,236,210
DYNAMOSA,bcry.bcDictionary,LINE;BRANCH;EXCEPTION;WEAKMUTATION;OUTPUT;METHOD;METHODNOEXCEPTION;CBRANCH,0.865307486631016,0.9545454545454546,236,212
DYNAMOSA,bcry.bcDictionary,LINE;BRANCH;EXCEPTION;WEAKMUTATION;OUTPUT;METHOD;METHODNOEXCEPTION;CBRANCH,0.892156862745098,1.0,236,221
DYNAMOSA,bcry.bcDictionary,LINE;BRANCH;EXCEPTION;WEAKMUTATION;OUTPUT;METHOD;METHODNOEXCEPTION;CBRANCH,0.865307486631016,0.9545454545454546,236,212
DYNAMOSA,bcry.bcDictionary,LINE;BRANCH;EXCEPTION;WEAKMUTATION;OUTPUT;METHOD;METHODNOEXCEPTION;CBRANCH,0.865307486631016,0.9545454545454546,236,212
DYNAMOSA,bcry.bcDictionary,LINE;BRANCH;EXCEPTION;WEAKMUTATION;OUTPUT;METHOD;METHODNOEXCEPTION;CBRANCH,0.892156862745098,1.0,236,222
DYNAMOSA,bcry.bcDictionary,LINE;BRANCH;EXCEPTION;WEAKMUTATION;OUTPUT;METHOD;METHODNOEXCEPTION;CBRANCH,0.892156862745098,1.0,236,222
DYNAMOSA,bcry.bcDictionary,LINE;BRANCH;EXCEPTION;WEAKMUTATION;OUTPUT;METHOD;METHODNOEXCEPTION;CBRANCH,0.8909313725490196,1.0,236,221
DYNAMOSA,bcry.bcDictionary,LINE;BRANCH;EXCEPTION;WEAKMUTATION;OUTPUT;METHOD;METHODNOEXCEPTION;CBRANCH,0.8709893048128342,0.9545454545454546,236,213
DYNAMOSA,bcry.bcDictionary,LINE;BRANCH;EXCEPTION;WEAKMUTATION;OUTPUT;METHOD;METHODNOEXCEPTION;CBRANCH,0.8709893048128342,0.9545454545454546,236,213
DYNAMOSA,bcry.bcDictionary,LINE;BRANCH;EXCEPTION;WEAKMUTATION;OUTPUT;METHOD;METHODNOEXCEPTION;CBRANCH,0.8709893048128342,0.9545454545454546,236,213
DYNAMOSA,bcry.bcDictionary,LINE;BRANCH;EXCEPTION;WEAKMUTATION;OUTPUT;METHOD;METHODNOEXCEPTION;CBRANCH,0.8709893048128342,0.9545454545454546,236,213
DYNAMOSA,bcry.bcDictionary,LINE;BRANCH;EXCEPTION;WEAKMUTATION;OUTPUT;METHOD;METHODNOEXCEPTION;CBRANCH,0.8709893048128342,0.9545454545454546,236,213
DYNAMOSA,bcry.bcDictionary,LINE;BRANCH;EXCEPTION;WEAKMUTATION;OUTPUT;METHOD;METHODNOEXCEPTION;CBRANCH,0.892156862745098,1.0,236,222
DYNAMOSA,bcry.bcDictionary,LINE;BRANCH;EXCEPTION;WEAKMUTATION;OUTPUT;METHOD;METHODNOEXCEPTION;CBRANCH,0.857174688057041,0.9090909090909091,236,210
DYNAMOSA,bcry.bcDictionary,LINE;BRANCH;EXCEPTION;WEAKMUTATION;OUTPUT;METHOD;METHODNOEXCEPTION;CBRANCH,0.8909313725490196,1.0,236,221
DYNAMOSA,bcry.bcDictionary,LINE;BRANCH;EXCEPTION;WEAKMUTATION;OUTPUT;METHOD;METHODNOEXCEPTION;CBRANCH,0.8709893048128342,0.9545454545454546,236,213
DYNAMOSA,bcry.bcDictionary,LINE;BRANCH;EXCEPTION;WEAKMUTATION;OUTPUT;METHOD;METHODNOEXCEPTION;CBRANCH,0.8709893048128342,0.9545454545454546,236,213
DYNAMOSA,bcry.bcDictionary,LINE;BRANCH;EXCEPTION;WEAKMUTATION;OUTPUT;METHOD;METHODNOEXCEPTION;CBRANCH,0.857174688057041,0.9090909090909091,236,210
DYNAMOSA,bcry.bcDictionary,LINE;BRANCH;EXCEPTION;WEAKMUTATION;OUTPUT;METHOD;METHODNOEXCEPTION;CBRANCH,0.8909313725490196,1.0,236,221
DYNAMOSA,bcry.bcDictionary,LINE;BRANCH;EXCEPTION;WEAKMUTATION;OUTPUT;METHOD;METHODNOEXCEPTION;CBRANCH,0.8709893048128342,0.9545454545454546,236,213
DYNAMOSA,bcry.bcDictionary,LINE;BRANCH;EXCEPTION;WEAKMUTATION;OUTPUT;METHOD;METHODNOEXCEPTION;CBRANCH,0.8709893048128342,0.9545454545454546,236,213
DYNAMOSA,bcry.bcDictionary,LINE;BRANCH;EXCEPTION;WEAKMUTATION;OUTPUT;METHOD;METHODNOEXCEPTION;CBRANCH,0.8709893048128342,0.9545454545454546,236,213
DYNAMOSA,bcry.bcDictionary,LINE;BRANCH;EXCEPTION;WEAKMUTATION;OUTPUT;METHOD;METHODNOEXCEPTION;CBRANCH,0.892156862745098,1.0,236,222
DYNAMOSA,bcry.bcDictionary,LINE;BRANCH;EXCEPTION;WEAKMUTATION;OUTPUT;METHOD;METHODNOEXCEPTION;CBRANCH,0.8709893048128342,0.9545454545454546,236,213
DYNAMOSA,bcry.bcDictionary,LINE;BRANCH;EXCEPTION;WEAKMUTATION;OUTPUT;METHOD;METHODNOEXCEPTION;CBRANCH,0.8709893048128342,0.9545454545454546,236,213
DYNAMOSA,bcry.bcDictionary,LINE;BRANCH;EXCEPTION;WEAKMUTATION;OUTPUT;METHOD;METHODNOEXCEPTION;CBRANCH,0.8709893048128342,0.9545454545454546,236,213
DYNAMOSA,bcry.bcDictionary,LINE;BRANCH;EXCEPTION;WEAKMUTATION;OUTPUT;METHOD;METHODNOEXCEPTION;CBRANCH,0.8709893048128342,0.9545454545454546,236,213
DYNAMOSA,bcry.bcDictionary,LINE;BRANCH;EXCEPTION;WEAKMUTATION;OUTPUT;METHOD;METHODNOEXCEPTION;CBRANCH,0.865307486631016,0.9545454545454546,236,212
DYNAMOSA,bcry.bcDictionary,LINE;BRANCH;EXCEPTION;WEAKMUTATION;OUTPUT;METHOD;METHODNOEXCEPTION;CBRANCH,0.8709893048128342,0.9545454545454546,236,212
DYNAMOSA,bcry.bcDictionary,LINE;BRANCH;EXCEPTION;WEAKMUTATION;OUTPUT;METHOD;METHODNOEXCEPTION;CBRANCH,0.8709893048128342,0.9545454545454546,236,213
DYNAMOSA,bcry.bcDictionary,LINE;BRANCH;EXCEPTION;WEAKMUTATION;OUTPUT;METHOD;METHODNOEXCEPTION;CBRANCH,0.892156862745098,1.0,236,222
DYNAMOSA,bcry.bcDictionary,LINE;BRANCH;EXCEPTION;WEAKMUTATION;OUTPUT;METHOD;METHODNOEXCEPTION;CBRANCH,0.8709893048128342,0.9545454545454546,236,213
DYNAMOSA,bcry.bcDictionary,LINE;BRANCH;EXCEPTION;WEAKMUTATION;OUTPUT;METHOD;METHODNOEXCEPTION;CBRANCH,0.8709893048128342,0.9545454545454546,236,213
DYNAMOSA,bcry.bcDictionary,LINE;BRANCH;EXCEPTION;WEAKMUTATION;OUTPUT;METHOD;METHODNOEXCEPTION;CBRANCH,0.857174688057041,0.9090909090909091,236,210
DYNAMOSA,bcry.bcDictionary,LINE;BRANCH;EXCEPTION;WEAKMUTATION;OUTPUT;METHOD;METHODNOEXCEPTION;CBRANCH,0.857174688057041,0.8181818181818182,236,202
DYNAMOSA,bcry.bcDictionary,LINE;BRANCH;EXCEPTION;WEAKMUTATION;OUTPUT;METHOD;METHODNOEXCEPTION;CBRANCH,0.8709893048128342,0.9545454545454546,236,213
DYNAMOSA,bcry.bcDictionary,LINE;BRANCH;EXCEPTION;WEAKMUTATION;OUTPUT;METHOD;METHODNOEXCEPTION;CBRANCH,0.8709893048128342,0.9545454545454546,236,213
DYNAMOSA,bcry.bcDictionary,LINE;BRANCH;EXCEPTION;WEAKMUTATION;OUTPUT;METHOD;METHODNOEXCEPTION;CBRANCH,0.865307486631016,0.9545454545454546,236,212
DYNAMOSA,bcry.bcDictionary,LINE;BRANCH;EXCEPTION;WEAKMUTATION;OUTPUT;METHOD;METHODNOEXCEPTION;CBRANCH,0.857174688057041,0.9090909090909091,236,210
DYNAMOSA,bcry.bcDictionary,LINE;BRANCH;EXCEPTION;WEAKMUTATION;OUTPUT;METHOD;METHODNOEXCEPTION;CBRANCH,0.8709893048128342,0.9545454545454546,236,213
DYNAMOSA,bcry.bcDictionary,LINE;BRANCH;EXCEPTION;WEAKMUTATION;OUTPUT;METHOD;METHODNOEXCEPTION;CBRANCH,0.8709893048128342,0.9090909090909091,236,210
DYNAMOSA,bcry.bcDictionary,LINE;BRANCH;EXCEPTION;WEAKMUTATION;OUTPUT;METHOD;METHODNOEXCEPTION;CBRANCH,0.8709893048128342,0.9545454545454546,236,213
DYNAMOSA,bcry.bcDictionary,LINE;BRANCH;EXCEPTION;WEAKMUTATION;OUTPUT;METHOD;METHODNOEXCEPTION;CBRANCH,0.8709893048128342,0.9545454545454546,236,213
DYNAMOSA,bcry.bcDictionary,LINE;BRANCH;EXCEPTION;WEAKMUTATION;OUTPUT;METHOD;METHODNOEXCEPTION;CBRANCH,0.857174688057041,0.9090909090909091,236,210
DYNAMOSA,bcry.bcDictionary,LINE;BRANCH;EXCEPTION;WEAKMUTATION;OUTPUT;METHOD;METHODNOEXCEPTION;CBRANCH,0.8709893048128342,0.9545454545454546,236,213
DYNAMOSA,bcry.bcDictionary,LINE;BRANCH;EXCEPTION;WEAKMUTATION;OUTPUT;METHOD;METHODNOEXCEPTION;CBRANCH,0.8709893048128342,0.9545454545454546,236,212
DYNAMOSA,bcry.bcDictionary,LINE;BRANCH;EXCEPTION;WEAKMUTATION;OUTPUT;METHOD;METHODNOEXCEPTION;CBRANCH,0.8709893048128342,0.9545454545454546,236,212
DYNAMOSA,bcry.bcDictionary,LINE;BRANCH;EXCEPTION;WEAKMUTATION;OUTPUT;METHOD;METHODNOEXCEPTION;CBRANCH,0.8709893048128342,0.9545454545454546,236,213
DYNAMOSA,bcry.bcDictionary,LINE;BRANCH;EXCEPTION;WEAKMUTATION;OUTPUT;METHOD;METHODNOEXCEPTION;CBRANCH,0.8709893048128342,0.9545454545454546,236,213
DYNAMOSA,bcry.bcDictionary,LINE;BRANCH;EXCEPTION;WEAKMUTATION;OUTPUT;METHOD;METHODNOEXCEPTION;CBRANCH,0.8709893048128342,0.9545454545454546,236,213
DYNAMOSA,bcry.bcDictionary,LINE;BRANCH;EXCEPTION;WEAKMUTATION;OUTPUT;METHOD;METHODNOEXCEPTION;CBRANCH,0.8909313725490196,1.0,236,220
DYNAMOSA,bcry.bcDictionary,LINE;BRANCH;EXCEPTION;WEAKMUTATION;OUTPUT;METHOD;METHODNOEXCEPTION;CBRANCH,0.8709893048128342,0.9545454545454546,236,213
DYNAMOSA,bcry.bcDictionary,LINE;BRANCH;EXCEPTION;WEAKMUTATION;OUTPUT;METHOD;METHODNOEXCEPTION;CBRANCH,0.857174688057041,0.9090909090909091,236,210
DYNAMOSA,bcry.bcDictionary,LINE;BRANCH;EXCEPTION;WEAKMUTATION;OUTPUT;METHOD;METHODNOEXCEPTION;CBRANCH,0.892156862745098,1.0,236,222
DYNAMOSA,bcry.bcDictionary,LINE;BRANCH;EXCEPTION;WEAKMUTATION;OUTPUT;METHOD;METHODNOEXCEPTION;CBRANCH,0.8864750445632799,1.0,236,221
DYNAMOSA,bcry.bcDictionary,LINE;BRANCH;EXCEPTION;WEAKMUTATION;OUTPUT;METHOD;METHODNOEXCEPTION;CBRANCH,0.892156862745098,1.0,236,221
DYNAMOSA,bcry.bcDictionary,LINE;BRANCH;EXCEPTION;WEAKMUTATION;OUTPUT;METHOD;METHODNOEXCEPTION;CBRANCH,0.892156862745098,1.0,236,222
DYNAMOSA,bcry.bcDictionary,LINE;BRANCH;EXCEPTION;WEAKMUTATION;OUTPUT;METHOD;METHODNOEXCEPTION;CBRANCH,0.8709893048128342,0.9545454545454546,236,213
DYNAMOSA,bcry.bcDictionary,LINE;BRANCH;EXCEPTION;WEAKMUTATION;OUTPUT;METHOD;METHODNOEXCEPTION;CBRANCH,0.8233437314319667,0.8636363636363636,236,201
DYNAMOSA,bcry.bcDictionary,LINE;BRANCH;EXCEPTION;WEAKMUTATION;OUTPUT;METHOD;METHODNOEXCEPTION;CBRANCH,0.8709893048128342,0.9545454545454546,236,213
DYNAMOSA,bcry.bcDictionary,LINE;BRANCH;EXCEPTION;WEAKMUTATION;OUTPUT;METHOD;METHODNOEXCEPTION;CBRANCH,0.8709893048128342,0.9545454545454546,236,213
DYNAMOSA,bcry.bcDictionary,LINE;BRANCH;EXCEPTION;WEAKMUTATION;OUTPUT;METHOD;METHODNOEXCEPTION;CBRANCH,0.8709893048128342,0.9545454545454546,236,211
DYNAMOSA,bcry.bcDictionary,LINE;BRANCH;EXCEPTION;WEAKMUTATION;OUTPUT;METHOD;METHODNOEXCEPTION;CBRANCH,0.857174688057041,0.9090909090909091,236,208
DYNAMOSA,bcry.bcDictionary,LINE;BRANCH;EXCEPTION;WEAKMUTATION;OUTPUT;METHOD;METHODNOEXCEPTION;CBRANCH,0.857174688057041,0.9090909090909091,236,210
DYNAMOSA,bcry.bcDictionary,LINE;BRANCH;EXCEPTION;WEAKMUTATION;OUTPUT;METHOD;METHODNOEXCEPTION;CBRANCH,0.8709893048128342,0.9545454545454546,236,213
DYNAMOSA,bcry.bcDictionary,LINE;BRANCH;EXCEPTION;WEAKMUTATION;OUTPUT;METHOD;METHODNOEXCEPTION;CBRANCH,0.8709893048128342,0.9545454545454546,236,213
DYNAMOSA,bcry.bcDictionary,LINE;BRANCH;EXCEPTION;WEAKMUTATION;OUTPUT;METHOD;METHODNOEXCEPTION;CBRANCH,0.8709893048128342,0.9545454545454546,236,213
DYNAMOSA,bcry.bcDictionary,LINE;BRANCH;EXCEPTION;WEAKMUTATION;OUTPUT;METHOD;METHODNOEXCEPTION;CBRANCH,0.8709893048128342,0.9545454545454546,236,213
DYNAMOSA,bcry.bcDictionary,LINE;BRANCH;EXCEPTION;WEAKMUTATION;OUTPUT;METHOD;METHODNOEXCEPTION;CBRANCH,0.8909313725490196,1.0,236,221
DYNAMOSA,bcry.bcDictionary,LINE;BRANCH;EXCEPTION;WEAKMUTATION;OUTPUT;METHOD;METHODNOEXCEPTION;CBRANCH,0.857174688057041,0.9090909090909091,236,210
DYNAMOSA,bcry.bcDictionary,LINE;BRANCH;EXCEPTION;WEAKMUTATION;OUTPUT;METHOD;METHODNOEXCEPTION;CBRANCH,0.8709893048128342,0.9545454545454546,236,213
DYNAMOSA,bcry.bcDictionary,LINE;BRANCH;EXCEPTION;WEAKMUTATION;OUTPUT;METHOD;METHODNOEXCEPTION;CBRANCH,0.8709893048128342,0.9545454545454546,236,213
DYNAMOSA,bcry.bcDictionary,LINE;BRANCH;EXCEPTION;WEAKMUTATION;OUTPUT;METHOD;METHODNOEXCEPTION;CBRANCH,0.892156862745098,1.0,236,222
DYNAMOSA,bcry.bcDictionary,LINE;BRANCH;EXCEPTION;WEAKMUTATION;OUTPUT;METHOD;METHODNOEXCEPTION;CBRANCH,0.8709893048128342,0.9545454545454546,236,213
DYNAMOSA,bcry.bcDictionary,LINE;BRANCH;EXCEPTION;WEAKMUTATION;OUTPUT;METHOD;METHODNOEXCEPTION;CBRANCH,0.857174688057041,0.9090909090909091,236,210
DYNAMOSA,bcry.bcDictionary,LINE;BRANCH;EXCEPTION;WEAKMUTATION;OUTPUT;METHOD;METHODNOEXCEPTION;CBRANCH,0.8709893048128342,0.9545454545454546,236,213
DYNAMOSA,bcry.bcDictionary,LINE;BRANCH;EXCEPTION;WEAKMUTATION;OUTPUT;METHOD;METHODNOEXCEPTION;CBRANCH,0.8709893048128342,0.9545454545454546,236,213
DYNAMOSA,bcry.bcDictionary,LINE;BRANCH;EXCEPTION;WEAKMUTATION;OUTPUT;METHOD;METHODNOEXCEPTION;CBRANCH,0.892156862745098,1.0,236,222
DYNAMOSA,bcry.bcDictionary,LINE;BRANCH;EXCEPTION;WEAKMUTATION;OUTPUT;METHOD;METHODNOEXCEPTION;CBRANCH,0.857174688057041,0.9090909090909091,236,210
DYNAMOSA,bcry.bcDictionary,LINE;BRANCH;EXCEPTION;WEAKMUTATION;OUTPUT;METHOD;METHODNOEXCEPTION;CBRANCH,0.857174688057041,0.9090909090909091,236,210
DYNAMOSA,bcry.bcDictionary,LINE;BRANCH;EXCEPTION;WEAKMUTATION;OUTPUT;METHOD;METHODNOEXCEPTION;CBRANCH,0.8909313725490196,1.0,236,221
DYNAMOSA,bcry.bcDictionary,LINE;BRANCH;EXCEPTION;WEAKMUTATION;OUTPUT;METHOD;METHODNOEXCEPTION;CBRANCH,0.8709893048128342,0.9545454545454546,236,213
DYNAMOSA,bcry.bcDictionary,LINE;BRANCH;EXCEPTION;WEAKMUTATION;OUTPUT;METHOD;METHODNOEXCEPTION;CBRANCH,0.8709893048128342,0.9545454545454546,236,213
DYNAMOSA,bcry.bcDictionary,LINE;BRANCH;EXCEPTION;WEAKMUTATION;OUTPUT;METHOD;METHODNOEXCEPTION;CBRANCH,0.8709893048128342,0.9545454545454546,236,213
DYNAMOSA,bcry.bcDictionary,LINE;BRANCH;EXCEPTION;WEAKMUTATION;OUTPUT;METHOD;METHODNOEXCEPTION;CBRANCH,0.8709893048128342,0.9545454545454546,236,213
DYNAMOSA,bcry.bcDictionary,LINE;BRANCH;EXCEPTION;WEAKMUTATION;OUTPUT;METHOD;METHODNOEXCEPTION;CBRANCH,0.8709893048128342,0.9545454545454546,236,213
DYNAMOSA,bcry.bcDictionary,LINE;BRANCH;EXCEPTION;WEAKMUTATION;OUTPUT;METHOD;METHODNOEXCEPTION;CBRANCH,0.892156862745098,1.0,236,222
DYNAMOSA,bcry.bcDictionary,LINE;BRANCH;EXCEPTION;WEAKMUTATION;OUTPUT;METHOD;METHODNOEXCEPTION;CBRANCH,0.857174688057041,0.9090909090909091,236,210
DYNAMOSA,bcry.bcDictionary,LINE;BRANCH;EXCEPTION;WEAKMUTATION;OUTPUT;METHOD;METHODNOEXCEPTION;CBRANCH,0.8909313725490196,1.0,236,221
DYNAMOSA,bcry.bcDictionary,LINE;BRANCH;EXCEPTION;WEAKMUTATION;OUTPUT;METHOD;METHODNOEXCEPTION;CBRANCH,0.8709893048128342,0.9545454545454546,236,213
DYNAMOSA,bcry.bcDictionary,LINE;BRANCH;EXCEPTION;WEAKMUTATION;OUTPUT;METHOD;METHODNOEXCEPTION;CBRANCH,0.8709893048128342,0.9545454545454546,236,213
DYNAMOSA,bcry.bcDictionary,LINE;BRANCH;EXCEPTION;WEAKMUTATION;OUTPUT;METHOD;METHODNOEXCEPTION;CBRANCH,0.857174688057041,0.9090909090909091,236,210
DYNAMOSA,bcry.bcDictionary,LINE;BRANCH;EXCEPTION;WEAKMUTATION;OUTPUT;METHOD;METHODNOEXCEPTION;CBRANCH,0.8909313725490196,1.0,236,221
DYNAMOSA,bcry.bcDictionary,LINE;BRANCH;EXCEPTION;WEAKMUTATION;OUTPUT;METHOD;METHODNOEXCEPTION;CBRANCH,0.8709893048128342,0.9545454545454546,236,213
DYNAMOSA,bcry.bcDictionary,LINE;BRANCH;EXCEPTION;WEAKMUTATION;OUTPUT;METHOD;METHODNOEXCEPTION;CBRANCH,0.8709893048128342,0.9545454545454546,236,213
DYNAMOSA,bcry.bcDictionary,LINE;BRANCH;EXCEPTION;WEAKMUTATION;OUTPUT;METHOD;METHODNOEXCEPTION;CBRANCH,0.8709893048128342,0.9545454545454546,236,213
DYNAMOSA,bcry.bcDictionary,LINE;BRANCH;EXCEPTION;WEAKMUTATION;OUTPUT;METHOD;METHODNOEXCEPTION;CBRANCH,0.8709893048128342,0.9545454545454546,236,213
DYNAMOSA,bcry.bcDictionary,LINE;BRANCH;EXCEPTION;WEAKMUTATION;OUTPUT;METHOD;METHODNOEXCEPTION;CBRANCH,0.865307486631016,0.9545454545454546,236,212
DYNAMOSA,bcry.bcDictionary,LINE;BRANCH;EXCEPTION;WEAKMUTATION;OUTPUT;METHOD;METHODNOEXCEPTION;CBRANCH,0.8709893048128342,0.9545454545454546,236,212
DYNAMOSA,bcry.bcDictionary,LINE;BRANCH;EXCEPTION;WEAKMUTATION;OUTPUT;METHOD;METHODNOEXCEPTION;CBRANCH,0.8709893048128342,0.9545454545454546,236,213
DYNAMOSA,bcry.bcDictionary,LINE;BRANCH;EXCEPTION;WEAKMUTATION;OUTPUT;METHOD;METHODNOEXCEPTION;CBRANCH,0.892156862745098,1.0,236,222
DYNAMOSA,bcry.bcDictionary,LINE;BRANCH;EXCEPTION;WEAKMUTATION;OUTPUT;METHOD;METHODNOEXCEPTION;CBRANCH,0.8709893048128342,0.9545454545454546,236,213
DYNAMOSA,bcry.bcDictionary,LINE;BRANCH;EXCEPTION;WEAKMUTATION;OUTPUT;METHOD;METHODNOEXCEPTION;CBRANCH,0.8709893048128342,0.9545454545454546,236,213
DYNAMOSA,bcry.bcDictionary,LINE;BRANCH;EXCEPTION;WEAKMUTATION;OUTPUT;METHOD;METHODNOEXCEPTION;CBRANCH,0.857174688057041,0.9090909090909091,236,210
DYNAMOSA,bcry.bcDictionary,LINE;BRANCH;EXCEPTION;WEAKMUTATION;OUTPUT;METHOD;METHODNOEXCEPTION;CBRANCH,0.857174688057041,0.8181818181818182,236,202
DYNAMOSA,bcry.bcDictionary,LINE;BRANCH;EXCEPTION;WEAKMUTATION;OUTPUT;METHOD;METHODNOEXCEPTION;CBRANCH,0.8709893048128342,0.9545454545454546,236,213
DYNAMOSA,bcry.bcDictionary,LINE;BRANCH;EXCEPTION;WEAKMUTATION;OUTPUT;METHOD;METHODNOEXCEPTION;CBRANCH,0.8709893048128342,0.9545454545454546,236,213
DYNAMOSA,bcry.bcDictionary,LINE;BRANCH;EXCEPTION;WEAKMUTATION;OUTPUT;METHOD;METHODNOEXCEPTION;CBRANCH,0.865307486631016,0.9545454545454546,236,212
DYNAMOSA,bcry.bcDictionary,LINE;BRANCH;EXCEPTION;WEAKMUTATION;OUTPUT;METHOD;METHODNOEXCEPTION;CBRANCH,0.857174688057041,0.9090909090909091,236,210
DYNAMOSA,bcry.bcDictionary,LINE;BRANCH;EXCEPTION;WEAKMUTATION;OUTPUT;METHOD;METHODNOEXCEPTION;CBRANCH,0.8709893048128342,0.9545454545454546,236,213
DYNAMOSA,bcry.bcDictionary,LINE;BRANCH;EXCEPTION;WEAKMUTATION;OUTPUT;METHOD;METHODNOEXCEPTION;CBRANCH,0.8709893048128342,0.9090909090909091,236,210
DYNAMOSA,bcry.bcDictionary,LINE;BRANCH;EXCEPTION;WEAKMUTATION;OUTPUT;METHOD;METHODNOEXCEPTION;CBRANCH,0.8709893048128342,0.9545454545454546,236,213
DYNAMOSA,bcry.bcDictionary,LINE;BRANCH;EXCEPTION;WEAKMUTATION;OUTPUT;METHOD;METHODNOEXCEPTION;CBRANCH,0.8709893048128342,0.9545454545454546,236,213
DYNAMOSA,bcry.bcDictionary,LINE;BRANCH;EXCEPTION;WEAKMUTATION;OUTPUT;METHOD;METHODNOEXCEPTION;CBRANCH,0.857174688057041,0.9090909090909091,236,210
DYNAMOSA,bcry.bcDictionary,LINE;BRANCH;EXCEPTION;WEAKMUTATION;OUTPUT;METHOD;METHODNOEXCEPTION;CBRANCH,0.8709893048128342,0.9545454545454546,236,213
DYNAMOSA,bcry.bcDictionary,LINE;BRANCH;EXCEPTION;WEAKMUTATION;OUTPUT;METHOD;METHODNOEXCEPTION;CBRANCH,0.8709893048128342,0.9545454545454546,236,212
DYNAMOSA,bcry.bcDictionary,LINE;BRANCH;EXCEPTION;WEAKMUTATION;OUTPUT;METHOD;METHODNOEXCEPTION;CBRANCH,0.8709893048128342,0.9545454545454546,236,212
DYNAMOSA,bcry.bcDictionary,LINE;BRANCH;EXCEPTION;WEAKMUTATION;OUTPUT;METHOD;METHODNOEXCEPTION;CBRANCH,0.8709893048128342,0.9545454545454546,236,213
DYNAMOSA,bcry.bcDictionary,LINE;BRANCH;EXCEPTION;WEAKMUTATION;OUTPUT;METHOD;METHODNOEXCEPTION;CBRANCH,0.8709893048128342,0.9545454545454546,236,213
DYNAMOSA,bcry.bcDictionary,LINE;BRANCH;EXCEPTION;WEAKMUTATION;OUTPUT;METHOD;METHODNOEXCEPTION;CBRANCH,0.8709893048128342,0.9545454545454546,236,213
DYNAMOSA,bcry.bcDictionary,LINE;BRANCH;EXCEPTION;WEAKMUTATION;OUTPUT;METHOD;METHODNOEXCEPTION;CBRANCH,0.8909313725490196,1.0,236,220
DYNAMOSA,bcry.bcDictionary,LINE;BRANCH;EXCEPTION;WEAKMUTATION;OUTPUT;METHOD;METHODNOEXCEPTION;CBRANCH,0.857174688057041,0.9090909090909091,236,209
DYNAMOSA,bcry.bcDictionary,LINE;BRANCH;EXCEPTION;WEAKMUTATION;OUTPUT;METHOD;METHODNOEXCEPTION;CBRANCH,0.865307486631016,0.9545454545454546,236,212
DYNAMOSA,bcry.bcDictionary,LINE;BRANCH;EXCEPTION;WEAKMUTATION;OUTPUT;METHOD;METHODNOEXCEPTION;CBRANCH,0.8709893048128342,0.9545454545454546,236,213
DYNAMOSA,bcry.bcDictionary,LINE;BRANCH;EXCEPTION;WEAKMUTATION;OUTPUT;METHOD;METHODNOEXCEPTION;CBRANCH,0.892156862745098,1.0,236,222
DYNAMOSA,bcry.bcDictionary,LINE;BRANCH;EXCEPTION;WEAKMUTATION;OUTPUT;METHOD;METHODNOEXCEPTION;CBRANCH,0.8709893048128342,0.9545454545454546,236,213
DYNAMOSA,bcry.bcDictionary,LINE;BRANCH;EXCEPTION;WEAKMUTATION;OUTPUT;METHOD;METHODNOEXCEPTION;CBRANCH,0.8709893048128342,0.9545454545454546,236,213
DYNAMOSA,bcry.bcDictionary,LINE;BRANCH;EXCEPTION;WEAKMUTATION;OUTPUT;METHOD;METHODNOEXCEPTION;CBRANCH,0.8709893048128342,0.9090909090909091,236,207
DYNAMOSA,bcry.bcDictionary,LINE;BRANCH;EXCEPTION;WEAKMUTATION;OUTPUT;METHOD;METHODNOEXCEPTION;CBRANCH,0.892156862745098,1.0,236,222
DYNAMOSA,bcry.bcDictionary,LINE;BRANCH;EXCEPTION;WEAKMUTATION;OUTPUT;METHOD;METHODNOEXCEPTION;CBRANCH,0.8709893048128342,0.9545454545454546,236,213
DYNAMOSA,bcry.bcDictionary,LINE;BRANCH;EXCEPTION;WEAKMUTATION;OUTPUT;METHOD;METHODNOEXCEPTION;CBRANCH,0.8909313725490196,1.0,236,221
DYNAMOSA,bcry.bcDictionary,LINE;BRANCH;EXCEPTION;WEAKMUTATION;OUTPUT;METHOD;METHODNOEXCEPTION;CBRANCH,0.857174688057041,0.9090909090909091,236,210
DYNAMOSA,bcry.bcDictionary,LINE;BRANCH;EXCEPTION;WEAKMUTATION;OUTPUT;METHOD;METHODNOEXCEPTION;CBRANCH,0.8709893048128342,0.9545454545454546,236,213
DYNAMOSA,bcry.bcDictionary,LINE;BRANCH;EXCEPTION;WEAKMUTATION;OUTPUT;METHOD;METHODNOEXCEPTION;CBRANCH,0.8709893048128342,0.9545454545454546,236,213
DYNAMOSA,bcry.bcDictionary,LINE;BRANCH;EXCEPTION;WEAKMUTATION;OUTPUT;METHOD;METHODNOEXCEPTION;CBRANCH,0.892156862745098,1.0,236,222
DYNAMOSA,bcry.bcDictionary,LINE;BRANCH;EXCEPTION;WEAKMUTATION;OUTPUT;METHOD;METHODNOEXCEPTION;CBRANCH,0.857174688057041,0.9090909090909091,236,210
DYNAMOSA,bcry.bcDictionary,LINE;BRANCH;EXCEPTION;WEAKMUTATION;OUTPUT;METHOD;METHODNOEXCEPTION;CBRANCH,0.8709893048128342,0.9545454545454546,236,213
DYNAMOSA,bcry.bcDictionary,LINE;BRANCH;EXCEPTION;WEAKMUTATION;OUTPUT;METHOD;METHODNOEXCEPTION;CBRANCH,0.8864750445632799,1.0,236,220
DYNAMOSA,bcry.bcDictionary,LINE;BRANCH;EXCEPTION;WEAKMUTATION;OUTPUT;METHOD;METHODNOEXCEPTION;CBRANCH,0.8709893048128342,0.9545454545454546,236,213
DYNAMOSA,bcry.bcDictionary,LINE;BRANCH;EXCEPTION;WEAKMUTATION;OUTPUT;METHOD;METHODNOEXCEPTION;CBRANCH,0.892156862745098,1.0,236,222
DYNAMOSA,bcry.bcDictionary,LINE;BRANCH;EXCEPTION;WEAKMUTATION;OUTPUT;METHOD;METHODNOEXCEPTION;CBRANCH,0.892156862745098,1.0,236,222
DYNAMOSA,bcry.bcDictionary,LINE;BRANCH;EXCEPTION;WEAKMUTATION;OUTPUT;METHOD;METHODNOEXCEPTION;CBRANCH,0.892156862745098,1.0,236,222
DYNAMOSA,bcry.bcDictionary,LINE;BRANCH;EXCEPTION;WEAKMUTATION;OUTPUT;METHOD;METHODNOEXCEPTION;CBRANCH,0.865307486631016,0.9545454545454546,236,212
DYNAMOSA,bcry.bcDictionary,LINE;BRANCH;EXCEPTION;WEAKMUTATION;OUTPUT;METHOD;METHODNOEXCEPTION;CBRANCH,0.857174688057041,0.9090909090909091,236,210
DYNAMOSA,bcry.bcDictionary,LINE;BRANCH;EXCEPTION;WEAKMUTATION;OUTPUT;METHOD;METHODNOEXCEPTION;CBRANCH,0.8709893048128342,0.9545454545454546,236,213
DYNAMOSA,bcry.bcDictionary,LINE;BRANCH;EXCEPTION;WEAKMUTATION;OUTPUT;METHOD;METHODNOEXCEPTION;CBRANCH,0.8709893048128342,0.9545454545454546,236,213
DYNAMOSA,bcry.bcDictionary,LINE;BRANCH;EXCEPTION;WEAKMUTATION;OUTPUT;METHOD;METHODNOEXCEPTION;CBRANCH,0.8709893048128342,0.9545454545454546,236,213
DYNAMOSA,bcry.bcDictionary,LINE;BRANCH;EXCEPTION;WEAKMUTATION;OUTPUT;METHOD;METHODNOEXCEPTION;CBRANCH,0.892156862745098,1.0,236,222
DYNAMOSA,bcry.bcDictionary,LINE;BRANCH;EXCEPTION;WEAKMUTATION;OUTPUT;METHOD;METHODNOEXCEPTION;CBRANCH,0.8709893048128342,0.9545454545454546,236,213
DYNAMOSA,bcry.bcDictionary,LINE;BRANCH;EXCEPTION;WEAKMUTATION;OUTPUT;METHOD;METHODNOEXCEPTION;CBRANCH,0.8783422459893048,0.9545454545454546,236,219
DYNAMOSA,bcry.bcDictionary,LINE;BRANCH;EXCEPTION;WEAKMUTATION;OUTPUT;METHOD;METHODNOEXCEPTION;CBRANCH,0.8709893048128342,0.9545454545454546,236,213
DYNAMOSA,bcry.bcDictionary,LINE;BRANCH;EXCEPTION;WEAKMUTATION;OUTPUT;METHOD;METHODNOEXCEPTION;CBRANCH,0.8709893048128342,0.9545454545454546,236,213
DYNAMOSA,bcry.bcDictionary,LINE;BRANCH;EXCEPTION;WEAKMUTATION;OUTPUT;METHOD;METHODNOEXCEPTION;CBRANCH,0.8709893048128342,0.9545454545454546,236,213
DYNAMOSA,bcry.bcDictionary,LINE;BRANCH;EXCEPTION;WEAKMUTATION;OUTPUT;METHOD;METHODNOEXCEPTION;CBRANCH,0.892156862745098,1.0,236,221
DYNAMOSA,bcry.bcDictionary,LINE;BRANCH;EXCEPTION;WEAKMUTATION;OUTPUT;METHOD;METHODNOEXCEPTION;CBRANCH,0.892156862745098,1.0,236,222
DYNAMOSA,bcry.bcDictionary,LINE;BRANCH;EXCEPTION;WEAKMUTATION;OUTPUT;METHOD;METHODNOEXCEPTION;CBRANCH,0.8709893048128342,0.9545454545454546,236,213
DYNAMOSA,bcry.bcDictionary,LINE;BRANCH;EXCEPTION;WEAKMUTATION;OUTPUT;METHOD;METHODNOEXCEPTION;CBRANCH,0.8709893048128342,0.9545454545454546,236,213
DYNAMOSA,bcry.bcDictionary,LINE;BRANCH;EXCEPTION;WEAKMUTATION;OUTPUT;METHOD;METHODNOEXCEPTION;CBRANCH,0.8709893048128342,0.9545454545454546,236,213
DYNAMOSA,bcry.bcDictionary,LINE;BRANCH;EXCEPTION;WEAKMUTATION;OUTPUT;METHOD;METHODNOEXCEPTION;CBRANCH,0.865307486631016,0.9545454545454546,236,212
DYNAMOSA,bcry.bcDictionary,LINE;BRANCH;EXCEPTION;WEAKMUTATION;OUTPUT;METHOD;METHODNOEXCEPTION;CBRANCH,0.892156862745098,1.0,236,222
DYNAMOSA,bcry.bcDictionary,LINE;BRANCH;EXCEPTION;WEAKMUTATION;OUTPUT;METHOD;METHODNOEXCEPTION;CBRANCH,0.8709893048128342,0.9545454545454546,236,213
DYNAMOSA,bcry.bcDictionary,LINE;BRANCH;EXCEPTION;WEAKMUTATION;OUTPUT;METHOD;METHODNOEXCEPTION;CBRANCH,0.8709893048128342,0.9545454545454546,236,213
DYNAMOSA,bcry.bcDictionary,LINE;BRANCH;EXCEPTION;WEAKMUTATION;OUTPUT;METHOD;METHODNOEXCEPTION;CBRANCH,0.8783422459893048,0.9545454545454546,236,218
DYNAMOSA,bcry.bcDictionary,LINE;BRANCH;EXCEPTION;WEAKMUTATION;OUTPUT;METHOD;METHODNOEXCEPTION;CBRANCH,0.8709893048128342,0.9545454545454546,236,213
DYNAMOSA,bcry.bcDictionary,LINE;BRANCH;EXCEPTION;WEAKMUTATION;OUTPUT;METHOD;METHODNOEXCEPTION;CBRANCH,0.8233437314319667,0.8636363636363636,236,201
DYNAMOSA,bcry.bcDictionary,LINE;BRANCH;EXCEPTION;WEAKMUTATION;OUTPUT;METHOD;METHODNOEXCEPTION;CBRANCH,0.8709893048128342,0.9545454545454546,236,213
DYNAMOSA,bcry.bcDictionary,LINE;BRANCH;EXCEPTION;WEAKMUTATION;OUTPUT;METHOD;METHODNOEXCEPTION;CBRANCH,0.8709893048128342,0.9545454545454546,236,213
DYNAMOSA,bcry.bcDictionary,LINE;BRANCH;EXCEPTION;WEAKMUTATION;OUTPUT;METHOD;METHODNOEXCEPTION;CBRANCH,0.892156862745098,1.0,236,222
