Algorithm,TARGET_CLASS,criterion,Coverage,BranchCoverage,Total_Goals,Covered_Goals
DYNAMOSA,org.fixsuite.message.info.DictionaryInfo,LINE;BRANCH;EXCEPTION;WEAKMUTATION;OUTPUT;METHOD;METHODNOEXCEPTION;CBRANCH,0.886854583772392,1.0,278,235
DYNAMOSA,org.fixsuite.message.info.DictionaryInfo,LINE;BRANCH;EXCEPTION;WEAKMUTATION;OUTPUT;METHOD;METHODNOEXCEPTION;CBRANCH,0.8746886674968867,1.0,276,229
DYNAMOSA,org.fixsuite.message.info.DictionaryInfo,LINE;BRANCH;EXCEPTION;WEAKMUTATION;OUTPUT;METHOD;METHODNOEXCEPTION;CBRANCH,0.8984833659491194,1.0,279,245
DYNAMOSA,org.fixsuite.message.info.DictionaryInfo,LINE;BRANCH;EXCEPTION;WEAKMUTATION;OUTPUT;METHOD;METHODNOEXCEPTION;CBRANCH,0.8883872976338729,1.0,276,240
DYNAMOSA,org.fixsuite.message.info.DictionaryInfo,LINE;BRANCH;EXCEPTION;WEAKMUTATION;OUTPUT;METHOD;METHODNOEXCEPTION;CBRANCH,0.872431506849315,1.0,275,232
DYNAMOSA,org.fixsuite.message.info.DictionaryInfo,LINE;BRANCH;EXCEPTION;WEAKMUTATION;OUTPUT;METHOD;METHODNOEXCEPTION;CBRANCH,0.8792808219178082,1.0,275,235
DYNAMOSA,org.fixsuite.message.info.DictionaryInfo,LINE;BRANCH;EXCEPTION;WEAKMUTATION;OUTPUT;METHOD;METHODNOEXCEPTION;CBRANCH,0.8765981735159817,1.0,280,235
DYNAMOSA,org.fixsuite.message.info.DictionaryInfo,LINE;BRANCH;EXCEPTION;WEAKMUTATION;OUTPUT;METHOD;METHODNOEXCEPTION;CBRANCH,0.8916340508806262,1.0,279,241
DYNAMOSA,org.fixsuite.message.info.DictionaryInfo,LINE;BRANCH;EXCEPTION;WEAKMUTATION;OUTPUT;METHOD;METHODNOEXCEPTION;CBRANCH,0.9036203522504892,1.0,279,246
DYNAMOSA,org.fixsuite.message.info.DictionaryInfo,LINE;BRANCH;EXCEPTION;WEAKMUTATION;OUTPUT;METHOD;METHODNOEXCEPTION;CBRANCH,0.8896974885844748,1.0,277,238
DYNAMOSA,org.fixsuite.message.info.DictionaryInfo,LINE;BRANCH;EXCEPTION;WEAKMUTATION;OUTPUT;METHOD;METHODNOEXCEPTION;CBRANCH,0.8878424657534246,1.0,275,241
DYNAMOSA,org.fixsuite.message.info.DictionaryInfo,LINE;BRANCH;EXCEPTION;WEAKMUTATION;OUTPUT;METHOD;METHODNOEXCEPTION;CBRANCH,0.87793542074364,1.0,279,233
DYNAMOSA,org.fixsuite.message.info.DictionaryInfo,LINE;BRANCH;EXCEPTION;WEAKMUTATION;OUTPUT;METHOD;METHODNOEXCEPTION;CBRANCH,0.8954162276080084,1.0,278,239
DYNAMOSA,org.fixsuite.message.info.DictionaryInfo,LINE;BRANCH;EXCEPTION;WEAKMUTATION;OUTPUT;METHOD;METHODNOEXCEPTION;CBRANCH,0.8892255005268703,1.0,278,241
DYNAMOSA,org.fixsuite.message.info.DictionaryInfo,LINE;BRANCH;EXCEPTION;WEAKMUTATION;OUTPUT;METHOD;METHODNOEXCEPTION;CBRANCH,0.9125395152792413,1.0,278,248
DYNAMOSA,org.fixsuite.message.info.DictionaryInfo,LINE;BRANCH;EXCEPTION;WEAKMUTATION;OUTPUT;METHOD;METHODNOEXCEPTION;CBRANCH,0.877568493150685,1.0,277,235
DYNAMOSA,org.fixsuite.message.info.DictionaryInfo,LINE;BRANCH;EXCEPTION;WEAKMUTATION;OUTPUT;METHOD;METHODNOEXCEPTION;CBRANCH,0.8875131717597471,1.0,278,239
DYNAMOSA,org.fixsuite.message.info.DictionaryInfo,LINE;BRANCH;EXCEPTION;WEAKMUTATION;OUTPUT;METHOD;METHODNOEXCEPTION;CBRANCH,0.8977871443624869,1.0,278,246
DYNAMOSA,org.fixsuite.message.info.DictionaryInfo,LINE;BRANCH;EXCEPTION;WEAKMUTATION;OUTPUT;METHOD;METHODNOEXCEPTION;CBRANCH,0.8883872976338729,1.0,276,239
DYNAMOSA,org.fixsuite.message.info.DictionaryInfo,LINE;BRANCH;EXCEPTION;WEAKMUTATION;OUTPUT;METHOD;METHODNOEXCEPTION;CBRANCH,0.8999714611872146,1.0,277,244
DYNAMOSA,org.fixsuite.message.info.DictionaryInfo,LINE;BRANCH;EXCEPTION;WEAKMUTATION;OUTPUT;METHOD;METHODNOEXCEPTION;CBRANCH,0.8690068493150684,1.0,275,230
DYNAMOSA,org.fixsuite.message.info.DictionaryInfo,LINE;BRANCH;EXCEPTION;WEAKMUTATION;OUTPUT;METHOD;METHODNOEXCEPTION;CBRANCH,0.889921722113503,1.0,279,240
DYNAMOSA,org.fixsuite.message.info.DictionaryInfo,LINE;BRANCH;EXCEPTION;WEAKMUTATION;OUTPUT;METHOD;METHODNOEXCEPTION;CBRANCH,0.8948344748858448,1.0,277,241
DYNAMOSA,org.fixsuite.message.info.DictionaryInfo,LINE;BRANCH;EXCEPTION;WEAKMUTATION;OUTPUT;METHOD;METHODNOEXCEPTION;CBRANCH,0.8862728310502284,1.0,277,236
DYNAMOSA,org.fixsuite.message.info.DictionaryInfo,LINE;BRANCH;EXCEPTION;WEAKMUTATION;OUTPUT;METHOD;METHODNOEXCEPTION;CBRANCH,0.896546803652968,1.0,277,242
DYNAMOSA,org.fixsuite.message.info.DictionaryInfo,LINE;BRANCH;EXCEPTION;WEAKMUTATION;OUTPUT;METHOD;METHODNOEXCEPTION;CBRANCH,0.8811358447488584,1.0,277,233
DYNAMOSA,org.fixsuite.message.info.DictionaryInfo,LINE;BRANCH;EXCEPTION;WEAKMUTATION;OUTPUT;METHOD;METHODNOEXCEPTION;CBRANCH,0.8900996264009963,1.0,276,240
DYNAMOSA,org.fixsuite.message.info.DictionaryInfo,LINE;BRANCH;EXCEPTION;WEAKMUTATION;OUTPUT;METHOD;METHODNOEXCEPTION;CBRANCH,0.8746886674968867,1.0,276,229
DYNAMOSA,org.fixsuite.message.info.DictionaryInfo,LINE;BRANCH;EXCEPTION;WEAKMUTATION;OUTPUT;METHOD;METHODNOEXCEPTION;CBRANCH,0.8935242839352429,1.0,276,242
DYNAMOSA,org.fixsuite.message.info.DictionaryInfo,LINE;BRANCH;EXCEPTION;WEAKMUTATION;OUTPUT;METHOD;METHODNOEXCEPTION;CBRANCH,0.8982591324200914,1.0,277,243
DYNAMOSA,org.fixsuite.message.info.DictionaryInfo,LINE;BRANCH;EXCEPTION;WEAKMUTATION;OUTPUT;METHOD;METHODNOEXCEPTION;CBRANCH,0.9056902002107482,1.0,278,246
DYNAMOSA,org.fixsuite.message.info.DictionaryInfo,LINE;BRANCH;EXCEPTION;WEAKMUTATION;OUTPUT;METHOD;METHODNOEXCEPTION;CBRANCH,0.901683789954338,1.0,277,245
DYNAMOSA,org.fixsuite.message.info.DictionaryInfo,LINE;BRANCH;EXCEPTION;WEAKMUTATION;OUTPUT;METHOD;METHODNOEXCEPTION;CBRANCH,0.872431506849315,1.0,277,232
DYNAMOSA,org.fixsuite.message.info.DictionaryInfo,LINE;BRANCH;EXCEPTION;WEAKMUTATION;OUTPUT;METHOD;METHODNOEXCEPTION;CBRANCH,0.8948344748858448,1.0,277,241
DYNAMOSA,org.fixsuite.message.info.DictionaryInfo,LINE;BRANCH;EXCEPTION;WEAKMUTATION;OUTPUT;METHOD;METHODNOEXCEPTION;CBRANCH,0.8984833659491194,1.0,279,244
DYNAMOSA,org.fixsuite.message.info.DictionaryInfo,LINE;BRANCH;EXCEPTION;WEAKMUTATION;OUTPUT;METHOD;METHODNOEXCEPTION;CBRANCH,0.8950587084148728,1.0,279,242
DYNAMOSA,org.fixsuite.message.info.DictionaryInfo,LINE;BRANCH;EXCEPTION;WEAKMUTATION;OUTPUT;METHOD;METHODNOEXCEPTION;CBRANCH,0.8849626400996264,1.0,276,237
DYNAMOSA,org.fixsuite.message.info.DictionaryInfo,LINE;BRANCH;EXCEPTION;WEAKMUTATION;OUTPUT;METHOD;METHODNOEXCEPTION;CBRANCH,0.9051084474885844,1.0,277,247
DYNAMOSA,org.fixsuite.message.info.DictionaryInfo,LINE;BRANCH;EXCEPTION;WEAKMUTATION;OUTPUT;METHOD;METHODNOEXCEPTION;CBRANCH,0.8811358447488584,1.0,277,233
DYNAMOSA,org.fixsuite.message.info.DictionaryInfo,LINE;BRANCH;EXCEPTION;WEAKMUTATION;OUTPUT;METHOD;METHODNOEXCEPTION;CBRANCH,0.8931221461187215,1.0,277,241
DYNAMOSA,org.fixsuite.message.info.DictionaryInfo,LINE;BRANCH;EXCEPTION;WEAKMUTATION;OUTPUT;METHOD;METHODNOEXCEPTION;CBRANCH,0.8909378292939937,1.0,278,242
DYNAMOSA,org.fixsuite.message.info.DictionaryInfo,LINE;BRANCH;EXCEPTION;WEAKMUTATION;OUTPUT;METHOD;METHODNOEXCEPTION;CBRANCH,0.9005532139093784,1.0,278,242
DYNAMOSA,org.fixsuite.message.info.DictionaryInfo,LINE;BRANCH;EXCEPTION;WEAKMUTATION;OUTPUT;METHOD;METHODNOEXCEPTION;CBRANCH,0.8858008429926238,1.0,278,238
DYNAMOSA,org.fixsuite.message.info.DictionaryInfo,LINE;BRANCH;EXCEPTION;WEAKMUTATION;OUTPUT;METHOD;METHODNOEXCEPTION;CBRANCH,0.8794235159817352,1.0,277,231
DYNAMOSA,org.fixsuite.message.info.DictionaryInfo,LINE;BRANCH;EXCEPTION;WEAKMUTATION;OUTPUT;METHOD;METHODNOEXCEPTION;CBRANCH,0.8875131717597471,1.0,278,239
DYNAMOSA,org.fixsuite.message.info.DictionaryInfo,LINE;BRANCH;EXCEPTION;WEAKMUTATION;OUTPUT;METHOD;METHODNOEXCEPTION;CBRANCH,0.9053326810176126,1.0,279,249
DYNAMOSA,org.fixsuite.message.info.DictionaryInfo,LINE;BRANCH;EXCEPTION;WEAKMUTATION;OUTPUT;METHOD;METHODNOEXCEPTION;CBRANCH,0.8883872976338729,1.0,276,238
DYNAMOSA,org.fixsuite.message.info.DictionaryInfo,LINE;BRANCH;EXCEPTION;WEAKMUTATION;OUTPUT;METHOD;METHODNOEXCEPTION;CBRANCH,0.8792808219178082,1.0,275,235
DYNAMOSA,org.fixsuite.message.info.DictionaryInfo,LINE;BRANCH;EXCEPTION;WEAKMUTATION;OUTPUT;METHOD;METHODNOEXCEPTION;CBRANCH,0.8866749688667497,1.0,276,238
DYNAMOSA,org.fixsuite.message.info.DictionaryInfo,LINE;BRANCH;EXCEPTION;WEAKMUTATION;OUTPUT;METHOD;METHODNOEXCEPTION;CBRANCH,0.8798256537982565,1.0,276,234
DYNAMOSA,org.fixsuite.message.info.DictionaryInfo,LINE;BRANCH;EXCEPTION;WEAKMUTATION;OUTPUT;METHOD;METHODNOEXCEPTION;CBRANCH,0.896546803652968,1.0,277,241
DYNAMOSA,org.fixsuite.message.info.DictionaryInfo,LINE;BRANCH;EXCEPTION;WEAKMUTATION;OUTPUT;METHOD;METHODNOEXCEPTION;CBRANCH,0.8879851598173516,1.0,277,237
DYNAMOSA,org.fixsuite.message.info.DictionaryInfo,LINE;BRANCH;EXCEPTION;WEAKMUTATION;OUTPUT;METHOD;METHODNOEXCEPTION;CBRANCH,0.8792808219178082,1.0,275,236
DYNAMOSA,org.fixsuite.message.info.DictionaryInfo,LINE;BRANCH;EXCEPTION;WEAKMUTATION;OUTPUT;METHOD;METHODNOEXCEPTION;CBRANCH,0.8866749688667497,1.0,276,238
DYNAMOSA,org.fixsuite.message.info.DictionaryInfo,LINE;BRANCH;EXCEPTION;WEAKMUTATION;OUTPUT;METHOD;METHODNOEXCEPTION;CBRANCH,0.8912671232876712,1.0,275,243
DYNAMOSA,org.fixsuite.message.info.DictionaryInfo,LINE;BRANCH;EXCEPTION;WEAKMUTATION;OUTPUT;METHOD;METHODNOEXCEPTION;CBRANCH,0.877568493150685,1.0,275,235
DYNAMOSA,org.fixsuite.message.info.DictionaryInfo,LINE;BRANCH;EXCEPTION;WEAKMUTATION;OUTPUT;METHOD;METHODNOEXCEPTION;CBRANCH,0.8902792413066386,1.0,278,236
DYNAMOSA,org.fixsuite.message.info.DictionaryInfo,LINE;BRANCH;EXCEPTION;WEAKMUTATION;OUTPUT;METHOD;METHODNOEXCEPTION;CBRANCH,0.9039778714436248,1.0,278,245
DYNAMOSA,org.fixsuite.message.info.DictionaryInfo,LINE;BRANCH;EXCEPTION;WEAKMUTATION;OUTPUT;METHOD;METHODNOEXCEPTION;CBRANCH,0.9074025289778714,1.0,278,247
DYNAMOSA,org.fixsuite.message.info.DictionaryInfo,LINE;BRANCH;EXCEPTION;WEAKMUTATION;OUTPUT;METHOD;METHODNOEXCEPTION;CBRANCH,0.9039778714436248,1.0,278,245
DYNAMOSA,org.fixsuite.message.info.DictionaryInfo,LINE;BRANCH;EXCEPTION;WEAKMUTATION;OUTPUT;METHOD;METHODNOEXCEPTION;CBRANCH,0.8960748155953635,1.0,278,245
DYNAMOSA,org.fixsuite.message.info.DictionaryInfo,LINE;BRANCH;EXCEPTION;WEAKMUTATION;OUTPUT;METHOD;METHODNOEXCEPTION;CBRANCH,0.8866749688667497,1.0,276,238
DYNAMOSA,org.fixsuite.message.info.DictionaryInfo,LINE;BRANCH;EXCEPTION;WEAKMUTATION;OUTPUT;METHOD;METHODNOEXCEPTION;CBRANCH,0.8986612702366127,1.0,276,245
DYNAMOSA,org.fixsuite.message.info.DictionaryInfo,LINE;BRANCH;EXCEPTION;WEAKMUTATION;OUTPUT;METHOD;METHODNOEXCEPTION;CBRANCH,0.8861301369863014,1.0,279,242
DYNAMOSA,org.fixsuite.message.info.DictionaryInfo,LINE;BRANCH;EXCEPTION;WEAKMUTATION;OUTPUT;METHOD;METHODNOEXCEPTION;CBRANCH,0.8827054794520548,1.0,275,238
DYNAMOSA,org.fixsuite.message.info.DictionaryInfo,LINE;BRANCH;EXCEPTION;WEAKMUTATION;OUTPUT;METHOD;METHODNOEXCEPTION;CBRANCH,0.901908023483366,1.0,279,246
DYNAMOSA,org.fixsuite.message.info.DictionaryInfo,LINE;BRANCH;EXCEPTION;WEAKMUTATION;OUTPUT;METHOD;METHODNOEXCEPTION;CBRANCH,0.901541095890411,1.0,279,249
DYNAMOSA,org.fixsuite.message.info.DictionaryInfo,LINE;BRANCH;EXCEPTION;WEAKMUTATION;OUTPUT;METHOD;METHODNOEXCEPTION;CBRANCH,0.8875131717597471,1.0,278,239
DYNAMOSA,org.fixsuite.message.info.DictionaryInfo,LINE;BRANCH;EXCEPTION;WEAKMUTATION;OUTPUT;METHOD;METHODNOEXCEPTION;CBRANCH,0.8999714611872146,1.0,277,244
DYNAMOSA,org.fixsuite.message.info.DictionaryInfo,LINE;BRANCH;EXCEPTION;WEAKMUTATION;OUTPUT;METHOD;METHODNOEXCEPTION;CBRANCH,0.8986612702366127,1.0,276,244
DYNAMOSA,org.fixsuite.message.info.DictionaryInfo,LINE;BRANCH;EXCEPTION;WEAKMUTATION;OUTPUT;METHOD;METHODNOEXCEPTION;CBRANCH,0.8969489414694894,1.0,276,243
DYNAMOSA,org.fixsuite.message.info.DictionaryInfo,LINE;BRANCH;EXCEPTION;WEAKMUTATION;OUTPUT;METHOD;METHODNOEXCEPTION;CBRANCH,0.908533105022831,1.0,277,248
DYNAMOSA,org.fixsuite.message.info.DictionaryInfo,LINE;BRANCH;EXCEPTION;WEAKMUTATION;OUTPUT;METHOD;METHODNOEXCEPTION;CBRANCH,0.9153824200913242,1.0,277,253
DYNAMOSA,org.fixsuite.message.info.DictionaryInfo,LINE;BRANCH;EXCEPTION;WEAKMUTATION;OUTPUT;METHOD;METHODNOEXCEPTION;CBRANCH,0.908533105022831,1.0,277,248
DYNAMOSA,org.fixsuite.message.info.DictionaryInfo,LINE;BRANCH;EXCEPTION;WEAKMUTATION;OUTPUT;METHOD;METHODNOEXCEPTION;CBRANCH,0.8909378292939937,1.0,278,242
DYNAMOSA,org.fixsuite.message.info.DictionaryInfo,LINE;BRANCH;EXCEPTION;WEAKMUTATION;OUTPUT;METHOD;METHODNOEXCEPTION;CBRANCH,0.8926501580611169,1.0,278,242
DYNAMOSA,org.fixsuite.message.info.DictionaryInfo,LINE;BRANCH;EXCEPTION;WEAKMUTATION;OUTPUT;METHOD;METHODNOEXCEPTION;CBRANCH,0.8933463796477495,1.0,279,242
DYNAMOSA,org.fixsuite.message.info.DictionaryInfo,LINE;BRANCH;EXCEPTION;WEAKMUTATION;OUTPUT;METHOD;METHODNOEXCEPTION;CBRANCH,0.9039778714436248,1.0,278,245
DYNAMOSA,org.fixsuite.message.info.DictionaryInfo,LINE;BRANCH;EXCEPTION;WEAKMUTATION;OUTPUT;METHOD;METHODNOEXCEPTION;CBRANCH,0.8858008429926238,1.0,278,239
DYNAMOSA,org.fixsuite.message.info.DictionaryInfo,LINE;BRANCH;EXCEPTION;WEAKMUTATION;OUTPUT;METHOD;METHODNOEXCEPTION;CBRANCH,0.9051084474885844,1.0,277,248
DYNAMOSA,org.fixsuite.message.info.DictionaryInfo,LINE;BRANCH;EXCEPTION;WEAKMUTATION;OUTPUT;METHOD;METHODNOEXCEPTION;CBRANCH,0.8896974885844748,1.0,277,238
DYNAMOSA,org.fixsuite.message.info.DictionaryInfo,LINE;BRANCH;EXCEPTION;WEAKMUTATION;OUTPUT;METHOD;METHODNOEXCEPTION;CBRANCH,0.8858008429926238,1.0,278,237
DYNAMOSA,org.fixsuite.message.info.DictionaryInfo,LINE;BRANCH;EXCEPTION;WEAKMUTATION;OUTPUT;METHOD;METHODNOEXCEPTION;CBRANCH,0.896546803652968,1.0,277,241
DYNAMOSA,org.fixsuite.message.info.DictionaryInfo,LINE;BRANCH;EXCEPTION;WEAKMUTATION;OUTPUT;METHOD;METHODNOEXCEPTION;CBRANCH,0.8707191780821918,1.0,277,231
DYNAMOSA,org.fixsuite.message.info.DictionaryInfo,LINE;BRANCH;EXCEPTION;WEAKMUTATION;OUTPUT;METHOD;METHODNOEXCEPTION;CBRANCH,0.889921722113503,1.0,279,240
DYNAMOSA,org.fixsuite.message.info.DictionaryInfo,LINE;BRANCH;EXCEPTION;WEAKMUTATION;OUTPUT;METHOD;METHODNOEXCEPTION;CBRANCH,0.889921722113503,1.0,279,238
DYNAMOSA,org.fixsuite.message.info.DictionaryInfo,LINE;BRANCH;EXCEPTION;WEAKMUTATION;OUTPUT;METHOD;METHODNOEXCEPTION;CBRANCH,0.877568493150685,1.0,279,236
DYNAMOSA,org.fixsuite.message.info.DictionaryInfo,LINE;BRANCH;EXCEPTION;WEAKMUTATION;OUTPUT;METHOD;METHODNOEXCEPTION;CBRANCH,0.8896974885844748,1.0,277,238
DYNAMOSA,org.fixsuite.message.info.DictionaryInfo,LINE;BRANCH;EXCEPTION;WEAKMUTATION;OUTPUT;METHOD;METHODNOEXCEPTION;CBRANCH,0.9022655426765016,1.0,278,244
DYNAMOSA,org.fixsuite.message.info.DictionaryInfo,LINE;BRANCH;EXCEPTION;WEAKMUTATION;OUTPUT;METHOD;METHODNOEXCEPTION;CBRANCH,0.87640099626401,1.0,276,232
DYNAMOSA,org.fixsuite.message.info.DictionaryInfo,LINE;BRANCH;EXCEPTION;WEAKMUTATION;OUTPUT;METHOD;METHODNOEXCEPTION;CBRANCH,0.8861301369863014,1.0,275,240
DYNAMOSA,org.fixsuite.message.info.DictionaryInfo,LINE;BRANCH;EXCEPTION;WEAKMUTATION;OUTPUT;METHOD;METHODNOEXCEPTION;CBRANCH,0.8741438356164384,1.0,275,234
DYNAMOSA,org.fixsuite.message.info.DictionaryInfo,LINE;BRANCH;EXCEPTION;WEAKMUTATION;OUTPUT;METHOD;METHODNOEXCEPTION;CBRANCH,0.8823761854583773,1.0,278,237
DYNAMOSA,org.fixsuite.message.info.DictionaryInfo,LINE;BRANCH;EXCEPTION;WEAKMUTATION;OUTPUT;METHOD;METHODNOEXCEPTION;CBRANCH,0.9102454337899544,1.0,277,250
DYNAMOSA,org.fixsuite.message.info.DictionaryInfo,LINE;BRANCH;EXCEPTION;WEAKMUTATION;OUTPUT;METHOD;METHODNOEXCEPTION;CBRANCH,0.8777111872146119,1.0,277,231
DYNAMOSA,org.fixsuite.message.info.DictionaryInfo,LINE;BRANCH;EXCEPTION;WEAKMUTATION;OUTPUT;METHOD;METHODNOEXCEPTION;CBRANCH,0.8926501580611169,1.0,278,243
DYNAMOSA,org.fixsuite.message.info.DictionaryInfo,LINE;BRANCH;EXCEPTION;WEAKMUTATION;OUTPUT;METHOD;METHODNOEXCEPTION;CBRANCH,0.8918119551681196,1.0,276,240
DYNAMOSA,org.fixsuite.message.info.DictionaryInfo,LINE;BRANCH;EXCEPTION;WEAKMUTATION;OUTPUT;METHOD;METHODNOEXCEPTION;CBRANCH,0.9005532139093784,1.0,278,243
DYNAMOSA,org.fixsuite.message.info.DictionaryInfo,LINE;BRANCH;EXCEPTION;WEAKMUTATION;OUTPUT;METHOD;METHODNOEXCEPTION;CBRANCH,0.8919915700737618,1.0,278,238
DYNAMOSA,org.fixsuite.message.info.DictionaryInfo,LINE;BRANCH;EXCEPTION;WEAKMUTATION;OUTPUT;METHOD;METHODNOEXCEPTION;CBRANCH,0.884784735812133,1.0,279,237
DYNAMOSA,org.fixsuite.message.info.DictionaryInfo,LINE;BRANCH;EXCEPTION;WEAKMUTATION;OUTPUT;METHOD;METHODNOEXCEPTION;CBRANCH,0.8861301369863014,1.0,275,240
DYNAMOSA,org.fixsuite.message.info.DictionaryInfo,LINE;BRANCH;EXCEPTION;WEAKMUTATION;OUTPUT;METHOD;METHODNOEXCEPTION;CBRANCH,0.8982591324200914,1.0,277,242
DYNAMOSA,org.fixsuite.message.info.DictionaryInfo,LINE;BRANCH;EXCEPTION;WEAKMUTATION;OUTPUT;METHOD;METHODNOEXCEPTION;CBRANCH,0.8914098173515982,1.0,277,238
DYNAMOSA,org.fixsuite.message.info.DictionaryInfo,LINE;BRANCH;EXCEPTION;WEAKMUTATION;OUTPUT;METHOD;METHODNOEXCEPTION;CBRANCH,0.8948344748858448,1.0,277,241
DYNAMOSA,org.fixsuite.message.info.DictionaryInfo,LINE;BRANCH;EXCEPTION;WEAKMUTATION;OUTPUT;METHOD;METHODNOEXCEPTION;CBRANCH,0.8798256537982565,1.0,276,234
DYNAMOSA,org.fixsuite.message.info.DictionaryInfo,LINE;BRANCH;EXCEPTION;WEAKMUTATION;OUTPUT;METHOD;METHODNOEXCEPTION;CBRANCH,0.8832503113325031,1.0,276,236
DYNAMOSA,org.fixsuite.message.info.DictionaryInfo,LINE;BRANCH;EXCEPTION;WEAKMUTATION;OUTPUT;METHOD;METHODNOEXCEPTION;CBRANCH,0.8950587084148728,1.0,279,241
DYNAMOSA,org.fixsuite.message.info.DictionaryInfo,LINE;BRANCH;EXCEPTION;WEAKMUTATION;OUTPUT;METHOD;METHODNOEXCEPTION;CBRANCH,0.8883872976338729,1.0,276,239
DYNAMOSA,org.fixsuite.message.info.DictionaryInfo,LINE;BRANCH;EXCEPTION;WEAKMUTATION;OUTPUT;METHOD;METHODNOEXCEPTION;CBRANCH,0.8832503113325031,1.0,276,236
DYNAMOSA,org.fixsuite.message.info.DictionaryInfo,LINE;BRANCH;EXCEPTION;WEAKMUTATION;OUTPUT;METHOD;METHODNOEXCEPTION;CBRANCH,0.9074025289778714,1.0,278,246
DYNAMOSA,org.fixsuite.message.info.DictionaryInfo,LINE;BRANCH;EXCEPTION;WEAKMUTATION;OUTPUT;METHOD;METHODNOEXCEPTION;CBRANCH,0.8969489414694894,1.0,276,244
DYNAMOSA,org.fixsuite.message.info.DictionaryInfo,LINE;BRANCH;EXCEPTION;WEAKMUTATION;OUTPUT;METHOD;METHODNOEXCEPTION;CBRANCH,0.8828481735159818,1.0,277,234
DYNAMOSA,org.fixsuite.message.info.DictionaryInfo,LINE;BRANCH;EXCEPTION;WEAKMUTATION;OUTPUT;METHOD;METHODNOEXCEPTION;CBRANCH,0.8896974885844748,1.0,277,238
DYNAMOSA,org.fixsuite.message.info.DictionaryInfo,LINE;BRANCH;EXCEPTION;WEAKMUTATION;OUTPUT;METHOD;METHODNOEXCEPTION;CBRANCH,0.8952366127023661,1.0,276,243
DYNAMOSA,org.fixsuite.message.info.DictionaryInfo,LINE;BRANCH;EXCEPTION;WEAKMUTATION;OUTPUT;METHOD;METHODNOEXCEPTION;CBRANCH,0.8935242839352429,1.0,276,242
DYNAMOSA,org.fixsuite.message.info.DictionaryInfo,LINE;BRANCH;EXCEPTION;WEAKMUTATION;OUTPUT;METHOD;METHODNOEXCEPTION;CBRANCH,0.8849626400996264,1.0,276,237
DYNAMOSA,org.fixsuite.message.info.DictionaryInfo,LINE;BRANCH;EXCEPTION;WEAKMUTATION;OUTPUT;METHOD;METHODNOEXCEPTION;CBRANCH,0.8902792413066386,1.0,278,237
DYNAMOSA,org.fixsuite.message.info.DictionaryInfo,LINE;BRANCH;EXCEPTION;WEAKMUTATION;OUTPUT;METHOD;METHODNOEXCEPTION;CBRANCH,0.8811358447488584,1.0,277,232
DYNAMOSA,org.fixsuite.message.info.DictionaryInfo,LINE;BRANCH;EXCEPTION;WEAKMUTATION;OUTPUT;METHOD;METHODNOEXCEPTION;CBRANCH,0.8806638566912539,1.0,278,236
DYNAMOSA,org.fixsuite.message.info.DictionaryInfo,LINE;BRANCH;EXCEPTION;WEAKMUTATION;OUTPUT;METHOD;METHODNOEXCEPTION;CBRANCH,0.8982591324200914,1.0,277,242
DYNAMOSA,org.fixsuite.message.info.DictionaryInfo,LINE;BRANCH;EXCEPTION;WEAKMUTATION;OUTPUT;METHOD;METHODNOEXCEPTION;CBRANCH,0.8909378292939937,1.0,278,242
DYNAMOSA,org.fixsuite.message.info.DictionaryInfo,LINE;BRANCH;EXCEPTION;WEAKMUTATION;OUTPUT;METHOD;METHODNOEXCEPTION;CBRANCH,0.8943624868282403,1.0,278,244
DYNAMOSA,org.fixsuite.message.info.DictionaryInfo,LINE;BRANCH;EXCEPTION;WEAKMUTATION;OUTPUT;METHOD;METHODNOEXCEPTION;CBRANCH,0.8832503113325031,1.0,276,236
DYNAMOSA,org.fixsuite.message.info.DictionaryInfo,LINE;BRANCH;EXCEPTION;WEAKMUTATION;OUTPUT;METHOD;METHODNOEXCEPTION;CBRANCH,0.8931221461187215,1.0,277,240
DYNAMOSA,org.fixsuite.message.info.DictionaryInfo,LINE;BRANCH;EXCEPTION;WEAKMUTATION;OUTPUT;METHOD;METHODNOEXCEPTION;CBRANCH,0.9039778714436248,1.0,278,245
DYNAMOSA,org.fixsuite.message.info.DictionaryInfo,LINE;BRANCH;EXCEPTION;WEAKMUTATION;OUTPUT;METHOD;METHODNOEXCEPTION;CBRANCH,0.8919915700737618,1.0,278,238
DYNAMOSA,org.fixsuite.message.info.DictionaryInfo,LINE;BRANCH;EXCEPTION;WEAKMUTATION;OUTPUT;METHOD;METHODNOEXCEPTION;CBRANCH,0.8781133250311333,1.0,276,233
DYNAMOSA,org.fixsuite.message.info.DictionaryInfo,LINE;BRANCH;EXCEPTION;WEAKMUTATION;OUTPUT;METHOD;METHODNOEXCEPTION;CBRANCH,0.877568493150685,1.0,277,236
DYNAMOSA,org.fixsuite.message.info.DictionaryInfo,LINE;BRANCH;EXCEPTION;WEAKMUTATION;OUTPUT;METHOD;METHODNOEXCEPTION;CBRANCH,0.8952366127023661,1.0,276,243
DYNAMOSA,org.fixsuite.message.info.DictionaryInfo,LINE;BRANCH;EXCEPTION;WEAKMUTATION;OUTPUT;METHOD;METHODNOEXCEPTION;CBRANCH,0.884560502283105,1.0,277,235
DYNAMOSA,org.fixsuite.message.info.DictionaryInfo,LINE;BRANCH;EXCEPTION;WEAKMUTATION;OUTPUT;METHOD;METHODNOEXCEPTION;CBRANCH,0.8885669125395153,1.0,278,235
DYNAMOSA,org.fixsuite.message.info.DictionaryInfo,LINE;BRANCH;EXCEPTION;WEAKMUTATION;OUTPUT;METHOD;METHODNOEXCEPTION;CBRANCH,0.8943624868282403,1.0,278,243
DYNAMOSA,org.fixsuite.message.info.DictionaryInfo,LINE;BRANCH;EXCEPTION;WEAKMUTATION;OUTPUT;METHOD;METHODNOEXCEPTION;CBRANCH,0.8809931506849316,1.0,275,236
DYNAMOSA,org.fixsuite.message.info.DictionaryInfo,LINE;BRANCH;EXCEPTION;WEAKMUTATION;OUTPUT;METHOD;METHODNOEXCEPTION;CBRANCH,0.8866749688667497,1.0,276,238
DYNAMOSA,org.fixsuite.message.info.DictionaryInfo,LINE;BRANCH;EXCEPTION;WEAKMUTATION;OUTPUT;METHOD;METHODNOEXCEPTION;CBRANCH,0.912359900373599,1.0,276,253
DYNAMOSA,org.fixsuite.message.info.DictionaryInfo,LINE;BRANCH;EXCEPTION;WEAKMUTATION;OUTPUT;METHOD;METHODNOEXCEPTION;CBRANCH,0.8741438356164384,1.0,275,233
DYNAMOSA,org.fixsuite.message.info.DictionaryInfo,LINE;BRANCH;EXCEPTION;WEAKMUTATION;OUTPUT;METHOD;METHODNOEXCEPTION;CBRANCH,0.8926501580611169,1.0,278,243
DYNAMOSA,org.fixsuite.message.info.DictionaryInfo,LINE;BRANCH;EXCEPTION;WEAKMUTATION;OUTPUT;METHOD;METHODNOEXCEPTION;CBRANCH,0.8823761854583773,1.0,278,237
DYNAMOSA,org.fixsuite.message.info.DictionaryInfo,LINE;BRANCH;EXCEPTION;WEAKMUTATION;OUTPUT;METHOD;METHODNOEXCEPTION;CBRANCH,0.8832503113325031,1.0,276,235
DYNAMOSA,org.fixsuite.message.info.DictionaryInfo,LINE;BRANCH;EXCEPTION;WEAKMUTATION;OUTPUT;METHOD;METHODNOEXCEPTION;CBRANCH,0.8969489414694894,1.0,276,244
DYNAMOSA,org.fixsuite.message.info.DictionaryInfo,LINE;BRANCH;EXCEPTION;WEAKMUTATION;OUTPUT;METHOD;METHODNOEXCEPTION;CBRANCH,0.8832503113325031,1.0,276,236
DYNAMOSA,org.fixsuite.message.info.DictionaryInfo,LINE;BRANCH;EXCEPTION;WEAKMUTATION;OUTPUT;METHOD;METHODNOEXCEPTION;CBRANCH,0.8794235159817352,1.0,277,232
DYNAMOSA,org.fixsuite.message.info.DictionaryInfo,LINE;BRANCH;EXCEPTION;WEAKMUTATION;OUTPUT;METHOD;METHODNOEXCEPTION;CBRANCH,0.8931221461187215,1.0,277,240
DYNAMOSA,org.fixsuite.message.info.DictionaryInfo,LINE;BRANCH;EXCEPTION;WEAKMUTATION;OUTPUT;METHOD;METHODNOEXCEPTION;CBRANCH,0.8937038988408852,1.0,278,239
DYNAMOSA,org.fixsuite.message.info.DictionaryInfo,LINE;BRANCH;EXCEPTION;WEAKMUTATION;OUTPUT;METHOD;METHODNOEXCEPTION;CBRANCH,0.884560502283105,1.0,277,235
DYNAMOSA,org.fixsuite.message.info.DictionaryInfo,LINE;BRANCH;EXCEPTION;WEAKMUTATION;OUTPUT;METHOD;METHODNOEXCEPTION;CBRANCH,0.8861301369863014,1.0,277,241
DYNAMOSA,org.fixsuite.message.info.DictionaryInfo,LINE;BRANCH;EXCEPTION;WEAKMUTATION;OUTPUT;METHOD;METHODNOEXCEPTION;CBRANCH,0.8948344748858448,1.0,277,241
DYNAMOSA,org.fixsuite.message.info.DictionaryInfo,LINE;BRANCH;EXCEPTION;WEAKMUTATION;OUTPUT;METHOD;METHODNOEXCEPTION;CBRANCH,0.8823761854583773,1.0,278,239
DYNAMOSA,org.fixsuite.message.info.DictionaryInfo,LINE;BRANCH;EXCEPTION;WEAKMUTATION;OUTPUT;METHOD;METHODNOEXCEPTION;CBRANCH,0.8900996264009963,1.0,276,240
DYNAMOSA,org.fixsuite.message.info.DictionaryInfo,LINE;BRANCH;EXCEPTION;WEAKMUTATION;OUTPUT;METHOD;METHODNOEXCEPTION;CBRANCH,0.8862728310502284,1.0,277,237
DYNAMOSA,org.fixsuite.message.info.DictionaryInfo,LINE;BRANCH;EXCEPTION;WEAKMUTATION;OUTPUT;METHOD;METHODNOEXCEPTION;CBRANCH,0.8935242839352429,1.0,276,241
DYNAMOSA,org.fixsuite.message.info.DictionaryInfo,LINE;BRANCH;EXCEPTION;WEAKMUTATION;OUTPUT;METHOD;METHODNOEXCEPTION;CBRANCH,0.901908023483366,1.0,279,247
DYNAMOSA,org.fixsuite.message.info.DictionaryInfo,LINE;BRANCH;EXCEPTION;WEAKMUTATION;OUTPUT;METHOD;METHODNOEXCEPTION;CBRANCH,0.9039778714436248,1.0,278,245
DYNAMOSA,org.fixsuite.message.info.DictionaryInfo,LINE;BRANCH;EXCEPTION;WEAKMUTATION;OUTPUT;METHOD;METHODNOEXCEPTION;CBRANCH,0.8858008429926238,1.0,278,239
DYNAMOSA,org.fixsuite.message.info.DictionaryInfo,LINE;BRANCH;EXCEPTION;WEAKMUTATION;OUTPUT;METHOD;METHODNOEXCEPTION;CBRANCH,0.8755268703898841,1.0,278,233
DYNAMOSA,org.fixsuite.message.info.DictionaryInfo,LINE;BRANCH;EXCEPTION;WEAKMUTATION;OUTPUT;METHOD;METHODNOEXCEPTION;CBRANCH,0.8875131717597471,1.0,278,240
DYNAMOSA,org.fixsuite.message.info.DictionaryInfo,LINE;BRANCH;EXCEPTION;WEAKMUTATION;OUTPUT;METHOD;METHODNOEXCEPTION;CBRANCH,0.8954162276080084,1.0,278,239
DYNAMOSA,org.fixsuite.message.info.DictionaryInfo,LINE;BRANCH;EXCEPTION;WEAKMUTATION;OUTPUT;METHOD;METHODNOEXCEPTION;CBRANCH,0.8862728310502284,1.0,277,236
DYNAMOSA,org.fixsuite.message.info.DictionaryInfo,LINE;BRANCH;EXCEPTION;WEAKMUTATION;OUTPUT;METHOD;METHODNOEXCEPTION;CBRANCH,0.902283105022831,1.0,280,250
DYNAMOSA,org.fixsuite.message.info.DictionaryInfo,LINE;BRANCH;EXCEPTION;WEAKMUTATION;OUTPUT;METHOD;METHODNOEXCEPTION;CBRANCH,0.9104696673189824,1.0,279,252
DYNAMOSA,org.fixsuite.message.info.DictionaryInfo,LINE;BRANCH;EXCEPTION;WEAKMUTATION;OUTPUT;METHOD;METHODNOEXCEPTION;CBRANCH,0.8796477495107632,1.0,279,234
DYNAMOSA,org.fixsuite.message.info.DictionaryInfo,LINE;BRANCH;EXCEPTION;WEAKMUTATION;OUTPUT;METHOD;METHODNOEXCEPTION;CBRANCH,0.8969489414694894,1.0,276,244
DYNAMOSA,org.fixsuite.message.info.DictionaryInfo,LINE;BRANCH;EXCEPTION;WEAKMUTATION;OUTPUT;METHOD;METHODNOEXCEPTION;CBRANCH,0.8866749688667497,1.0,276,238
DYNAMOSA,org.fixsuite.message.info.DictionaryInfo,LINE;BRANCH;EXCEPTION;WEAKMUTATION;OUTPUT;METHOD;METHODNOEXCEPTION;CBRANCH,0.8758561643835616,1.0,275,234
DYNAMOSA,org.fixsuite.message.info.DictionaryInfo,LINE;BRANCH;EXCEPTION;WEAKMUTATION;OUTPUT;METHOD;METHODNOEXCEPTION;CBRANCH,0.8672945205479452,1.0,279,231
DYNAMOSA,org.fixsuite.message.info.DictionaryInfo,LINE;BRANCH;EXCEPTION;WEAKMUTATION;OUTPUT;METHOD;METHODNOEXCEPTION;CBRANCH,0.8999714611872146,1.0,277,244
DYNAMOSA,org.fixsuite.message.info.DictionaryInfo,LINE;BRANCH;EXCEPTION;WEAKMUTATION;OUTPUT;METHOD;METHODNOEXCEPTION;CBRANCH,0.8999714611872146,1.0,277,244
DYNAMOSA,org.fixsuite.message.info.DictionaryInfo,LINE;BRANCH;EXCEPTION;WEAKMUTATION;OUTPUT;METHOD;METHODNOEXCEPTION;CBRANCH,0.8952366127023661,1.0,276,243
DYNAMOSA,org.fixsuite.message.info.DictionaryInfo,LINE;BRANCH;EXCEPTION;WEAKMUTATION;OUTPUT;METHOD;METHODNOEXCEPTION;CBRANCH,0.8796477495107632,1.0,279,234
DYNAMOSA,org.fixsuite.message.info.DictionaryInfo,LINE;BRANCH;EXCEPTION;WEAKMUTATION;OUTPUT;METHOD;METHODNOEXCEPTION;CBRANCH,0.8849626400996264,1.0,276,237
DYNAMOSA,org.fixsuite.message.info.DictionaryInfo,LINE;BRANCH;EXCEPTION;WEAKMUTATION;OUTPUT;METHOD;METHODNOEXCEPTION;CBRANCH,0.877568493150685,1.0,275,235
DYNAMOSA,org.fixsuite.message.info.DictionaryInfo,LINE;BRANCH;EXCEPTION;WEAKMUTATION;OUTPUT;METHOD;METHODNOEXCEPTION;CBRANCH,0.8885669125395153,1.0,278,235
DYNAMOSA,org.fixsuite.message.info.DictionaryInfo,LINE;BRANCH;EXCEPTION;WEAKMUTATION;OUTPUT;METHOD;METHODNOEXCEPTION;CBRANCH,0.8862728310502284,1.0,277,235
DYNAMOSA,org.fixsuite.message.info.DictionaryInfo,LINE;BRANCH;EXCEPTION;WEAKMUTATION;OUTPUT;METHOD;METHODNOEXCEPTION;CBRANCH,0.9102454337899544,1.0,277,250
DYNAMOSA,org.fixsuite.message.info.DictionaryInfo,LINE;BRANCH;EXCEPTION;WEAKMUTATION;OUTPUT;METHOD;METHODNOEXCEPTION;CBRANCH,0.8919915700737618,1.0,278,238
DYNAMOSA,org.fixsuite.message.info.DictionaryInfo,LINE;BRANCH;EXCEPTION;WEAKMUTATION;OUTPUT;METHOD;METHODNOEXCEPTION;CBRANCH,0.8832503113325031,1.0,276,236
DYNAMOSA,org.fixsuite.message.info.DictionaryInfo,LINE;BRANCH;EXCEPTION;WEAKMUTATION;OUTPUT;METHOD;METHODNOEXCEPTION;CBRANCH,0.8864970645792564,1.0,279,237
DYNAMOSA,org.fixsuite.message.info.DictionaryInfo,LINE;BRANCH;EXCEPTION;WEAKMUTATION;OUTPUT;METHOD;METHODNOEXCEPTION;CBRANCH,0.9070450097847358,1.0,279,250
DYNAMOSA,org.fixsuite.message.info.DictionaryInfo,LINE;BRANCH;EXCEPTION;WEAKMUTATION;OUTPUT;METHOD;METHODNOEXCEPTION;CBRANCH,0.9072229140722291,1.0,276,250
DYNAMOSA,org.fixsuite.message.info.DictionaryInfo,LINE;BRANCH;EXCEPTION;WEAKMUTATION;OUTPUT;METHOD;METHODNOEXCEPTION;CBRANCH,0.9037982565379825,1.0,276,248
DYNAMOSA,org.fixsuite.message.info.DictionaryInfo,LINE;BRANCH;EXCEPTION;WEAKMUTATION;OUTPUT;METHOD;METHODNOEXCEPTION;CBRANCH,0.8982591324200914,1.0,277,243
DYNAMOSA,org.fixsuite.message.info.DictionaryInfo,LINE;BRANCH;EXCEPTION;WEAKMUTATION;OUTPUT;METHOD;METHODNOEXCEPTION;CBRANCH,0.8840885142255005,1.0,278,238
DYNAMOSA,org.fixsuite.message.info.DictionaryInfo,LINE;BRANCH;EXCEPTION;WEAKMUTATION;OUTPUT;METHOD;METHODNOEXCEPTION;CBRANCH,0.8916340508806262,1.0,279,240
DYNAMOSA,org.fixsuite.message.info.DictionaryInfo,LINE;BRANCH;EXCEPTION;WEAKMUTATION;OUTPUT;METHOD;METHODNOEXCEPTION;CBRANCH,0.8823761854583773,1.0,278,235
DYNAMOSA,org.fixsuite.message.info.DictionaryInfo,LINE;BRANCH;EXCEPTION;WEAKMUTATION;OUTPUT;METHOD;METHODNOEXCEPTION;CBRANCH,0.8900996264009963,1.0,276,240
DYNAMOSA,org.fixsuite.message.info.DictionaryInfo,LINE;BRANCH;EXCEPTION;WEAKMUTATION;OUTPUT;METHOD;METHODNOEXCEPTION;CBRANCH,0.8994994731296101,1.0,278,247
DYNAMOSA,org.fixsuite.message.info.DictionaryInfo,LINE;BRANCH;EXCEPTION;WEAKMUTATION;OUTPUT;METHOD;METHODNOEXCEPTION;CBRANCH,0.8798256537982565,1.0,276,234
DYNAMOSA,org.fixsuite.message.info.DictionaryInfo,LINE;BRANCH;EXCEPTION;WEAKMUTATION;OUTPUT;METHOD;METHODNOEXCEPTION;CBRANCH,0.8426577418015774,0.9333333333333333,277,222
DYNAMOSA,org.fixsuite.message.info.DictionaryInfo,LINE;BRANCH;EXCEPTION;WEAKMUTATION;OUTPUT;METHOD;METHODNOEXCEPTION;CBRANCH,0.8914098173515982,1.0,277,239
DYNAMOSA,org.fixsuite.message.info.DictionaryInfo,LINE;BRANCH;EXCEPTION;WEAKMUTATION;OUTPUT;METHOD;METHODNOEXCEPTION;CBRANCH,0.910827186512118,1.0,278,249
DYNAMOSA,org.fixsuite.message.info.DictionaryInfo,LINE;BRANCH;EXCEPTION;WEAKMUTATION;OUTPUT;METHOD;METHODNOEXCEPTION;CBRANCH,0.8840885142255005,1.0,278,238
DYNAMOSA,org.fixsuite.message.info.DictionaryInfo,LINE;BRANCH;EXCEPTION;WEAKMUTATION;OUTPUT;METHOD;METHODNOEXCEPTION;CBRANCH,0.8834299262381454,1.0,278,232
DYNAMOSA,org.fixsuite.message.info.DictionaryInfo,LINE;BRANCH;EXCEPTION;WEAKMUTATION;OUTPUT;METHOD;METHODNOEXCEPTION;CBRANCH,0.901683789954338,1.0,277,244
DYNAMOSA,org.fixsuite.message.info.DictionaryInfo,LINE;BRANCH;EXCEPTION;WEAKMUTATION;OUTPUT;METHOD;METHODNOEXCEPTION;CBRANCH,0.8960748155953635,1.0,278,245
DYNAMOSA,org.fixsuite.message.info.DictionaryInfo,LINE;BRANCH;EXCEPTION;WEAKMUTATION;OUTPUT;METHOD;METHODNOEXCEPTION;CBRANCH,0.8909378292939937,1.0,278,242
DYNAMOSA,org.fixsuite.message.info.DictionaryInfo,LINE;BRANCH;EXCEPTION;WEAKMUTATION;OUTPUT;METHOD;METHODNOEXCEPTION;CBRANCH,0.9056902002107482,1.0,278,246
DYNAMOSA,org.fixsuite.message.info.DictionaryInfo,LINE;BRANCH;EXCEPTION;WEAKMUTATION;OUTPUT;METHOD;METHODNOEXCEPTION;CBRANCH,0.8811358447488584,1.0,277,233
DYNAMOSA,org.fixsuite.message.info.DictionaryInfo,LINE;BRANCH;EXCEPTION;WEAKMUTATION;OUTPUT;METHOD;METHODNOEXCEPTION;CBRANCH,0.9074200913242009,1.0,280,253
DYNAMOSA,org.fixsuite.message.info.DictionaryInfo,LINE;BRANCH;EXCEPTION;WEAKMUTATION;OUTPUT;METHOD;METHODNOEXCEPTION;CBRANCH,0.901683789954338,1.0,277,245
DYNAMOSA,org.fixsuite.message.info.DictionaryInfo,LINE;BRANCH;EXCEPTION;WEAKMUTATION;OUTPUT;METHOD;METHODNOEXCEPTION;CBRANCH,0.8935242839352429,1.0,276,242
DYNAMOSA,org.fixsuite.message.info.DictionaryInfo,LINE;BRANCH;EXCEPTION;WEAKMUTATION;OUTPUT;METHOD;METHODNOEXCEPTION;CBRANCH,0.8879851598173516,1.0,277,237
DYNAMOSA,org.fixsuite.message.info.DictionaryInfo,LINE;BRANCH;EXCEPTION;WEAKMUTATION;OUTPUT;METHOD;METHODNOEXCEPTION;CBRANCH,0.8986612702366127,1.0,276,245
DYNAMOSA,org.fixsuite.message.info.DictionaryInfo,LINE;BRANCH;EXCEPTION;WEAKMUTATION;OUTPUT;METHOD;METHODNOEXCEPTION;CBRANCH,0.900373599003736,1.0,276,246
DYNAMOSA,org.fixsuite.message.info.DictionaryInfo,LINE;BRANCH;EXCEPTION;WEAKMUTATION;OUTPUT;METHOD;METHODNOEXCEPTION;CBRANCH,0.9012118018967334,1.0,278,248
DYNAMOSA,org.fixsuite.message.info.DictionaryInfo,LINE;BRANCH;EXCEPTION;WEAKMUTATION;OUTPUT;METHOD;METHODNOEXCEPTION;CBRANCH,0.8900996264009963,1.0,276,240
DYNAMOSA,org.fixsuite.message.info.DictionaryInfo,LINE;BRANCH;EXCEPTION;WEAKMUTATION;OUTPUT;METHOD;METHODNOEXCEPTION;CBRANCH,0.8827054794520548,1.0,277,239
DYNAMOSA,org.fixsuite.message.info.DictionaryInfo,LINE;BRANCH;EXCEPTION;WEAKMUTATION;OUTPUT;METHOD;METHODNOEXCEPTION;CBRANCH,0.9102454337899544,1.0,277,250
DYNAMOSA,org.fixsuite.message.info.DictionaryInfo,LINE;BRANCH;EXCEPTION;WEAKMUTATION;OUTPUT;METHOD;METHODNOEXCEPTION;CBRANCH,0.902283105022831,1.0,280,250
DYNAMOSA,org.fixsuite.message.info.DictionaryInfo,LINE;BRANCH;EXCEPTION;WEAKMUTATION;OUTPUT;METHOD;METHODNOEXCEPTION;CBRANCH,0.8798256537982565,1.0,276,234
DYNAMOSA,org.fixsuite.message.info.DictionaryInfo,LINE;BRANCH;EXCEPTION;WEAKMUTATION;OUTPUT;METHOD;METHODNOEXCEPTION;CBRANCH,0.9074025289778714,1.0,278,247
DYNAMOSA,org.fixsuite.message.info.DictionaryInfo,LINE;BRANCH;EXCEPTION;WEAKMUTATION;OUTPUT;METHOD;METHODNOEXCEPTION;CBRANCH,0.920519406392694,1.0,277,256
DYNAMOSA,org.fixsuite.message.info.DictionaryInfo,LINE;BRANCH;EXCEPTION;WEAKMUTATION;OUTPUT;METHOD;METHODNOEXCEPTION;CBRANCH,0.8809931506849316,1.0,275,237
DYNAMOSA,org.fixsuite.message.info.DictionaryInfo,LINE;BRANCH;EXCEPTION;WEAKMUTATION;OUTPUT;METHOD;METHODNOEXCEPTION;CBRANCH,0.896546803652968,1.0,277,241
DYNAMOSA,org.fixsuite.message.info.DictionaryInfo,LINE;BRANCH;EXCEPTION;WEAKMUTATION;OUTPUT;METHOD;METHODNOEXCEPTION;CBRANCH,0.8729763387297633,1.0,276,229
DYNAMOSA,org.fixsuite.message.info.DictionaryInfo,LINE;BRANCH;EXCEPTION;WEAKMUTATION;OUTPUT;METHOD;METHODNOEXCEPTION;CBRANCH,0.8943624868282403,1.0,278,243
DYNAMOSA,org.fixsuite.message.info.DictionaryInfo,LINE;BRANCH;EXCEPTION;WEAKMUTATION;OUTPUT;METHOD;METHODNOEXCEPTION;CBRANCH,0.8892255005268703,1.0,278,241
DYNAMOSA,org.fixsuite.message.info.DictionaryInfo,LINE;BRANCH;EXCEPTION;WEAKMUTATION;OUTPUT;METHOD;METHODNOEXCEPTION;CBRANCH,0.8823761854583773,1.0,278,236
DYNAMOSA,org.fixsuite.message.info.DictionaryInfo,LINE;BRANCH;EXCEPTION;WEAKMUTATION;OUTPUT;METHOD;METHODNOEXCEPTION;CBRANCH,0.8943624868282403,1.0,278,243
DYNAMOSA,org.fixsuite.message.info.DictionaryInfo,LINE;BRANCH;EXCEPTION;WEAKMUTATION;OUTPUT;METHOD;METHODNOEXCEPTION;CBRANCH,0.901683789954338,1.0,277,244
DYNAMOSA,org.fixsuite.message.info.DictionaryInfo,LINE;BRANCH;EXCEPTION;WEAKMUTATION;OUTPUT;METHOD;METHODNOEXCEPTION;CBRANCH,0.8798256537982565,1.0,276,234
DYNAMOSA,org.fixsuite.message.info.DictionaryInfo,LINE;BRANCH;EXCEPTION;WEAKMUTATION;OUTPUT;METHOD;METHODNOEXCEPTION;CBRANCH,0.8789515279241307,1.0,278,234
DYNAMOSA,org.fixsuite.message.info.DictionaryInfo,LINE;BRANCH;EXCEPTION;WEAKMUTATION;OUTPUT;METHOD;METHODNOEXCEPTION;CBRANCH,0.8929794520547946,1.0,275,244
DYNAMOSA,org.fixsuite.message.info.DictionaryInfo,LINE;BRANCH;EXCEPTION;WEAKMUTATION;OUTPUT;METHOD;METHODNOEXCEPTION;CBRANCH,0.908533105022831,1.0,277,249
DYNAMOSA,org.fixsuite.message.info.DictionaryInfo,LINE;BRANCH;EXCEPTION;WEAKMUTATION;OUTPUT;METHOD;METHODNOEXCEPTION;CBRANCH,0.8883872976338729,1.0,276,239
DYNAMOSA,org.fixsuite.message.info.DictionaryInfo,LINE;BRANCH;EXCEPTION;WEAKMUTATION;OUTPUT;METHOD;METHODNOEXCEPTION;CBRANCH,0.8967710371819961,1.0,279,243
DYNAMOSA,org.fixsuite.message.info.DictionaryInfo,LINE;BRANCH;EXCEPTION;WEAKMUTATION;OUTPUT;METHOD;METHODNOEXCEPTION;CBRANCH,0.8960748155953635,1.0,278,245
DYNAMOSA,org.fixsuite.message.info.DictionaryInfo,LINE;BRANCH;EXCEPTION;WEAKMUTATION;OUTPUT;METHOD;METHODNOEXCEPTION;CBRANCH,0.896546803652968,1.0,277,242
DYNAMOSA,org.fixsuite.message.info.DictionaryInfo,LINE;BRANCH;EXCEPTION;WEAKMUTATION;OUTPUT;METHOD;METHODNOEXCEPTION;CBRANCH,0.8982591324200914,1.0,277,243
DYNAMOSA,org.fixsuite.message.info.DictionaryInfo,LINE;BRANCH;EXCEPTION;WEAKMUTATION;OUTPUT;METHOD;METHODNOEXCEPTION;CBRANCH,0.8781133250311333,1.0,276,232
DYNAMOSA,org.fixsuite.message.info.DictionaryInfo,LINE;BRANCH;EXCEPTION;WEAKMUTATION;OUTPUT;METHOD;METHODNOEXCEPTION;CBRANCH,0.901683789954338,1.0,277,245
DYNAMOSA,org.fixsuite.message.info.DictionaryInfo,LINE;BRANCH;EXCEPTION;WEAKMUTATION;OUTPUT;METHOD;METHODNOEXCEPTION;CBRANCH,0.8861301369863014,1.0,275,241
DYNAMOSA,org.fixsuite.message.info.DictionaryInfo,LINE;BRANCH;EXCEPTION;WEAKMUTATION;OUTPUT;METHOD;METHODNOEXCEPTION;CBRANCH,0.8931221461187215,1.0,277,240
DYNAMOSA,org.fixsuite.message.info.DictionaryInfo,LINE;BRANCH;EXCEPTION;WEAKMUTATION;OUTPUT;METHOD;METHODNOEXCEPTION;CBRANCH,0.8809931506849316,1.0,277,238
DYNAMOSA,org.fixsuite.message.info.DictionaryInfo,LINE;BRANCH;EXCEPTION;WEAKMUTATION;OUTPUT;METHOD;METHODNOEXCEPTION;CBRANCH,0.8929794520547946,1.0,275,244
DYNAMOSA,org.fixsuite.message.info.DictionaryInfo,LINE;BRANCH;EXCEPTION;WEAKMUTATION;OUTPUT;METHOD;METHODNOEXCEPTION;CBRANCH,0.8935242839352429,1.0,276,242
DYNAMOSA,org.fixsuite.message.info.DictionaryInfo,LINE;BRANCH;EXCEPTION;WEAKMUTATION;OUTPUT;METHOD;METHODNOEXCEPTION;CBRANCH,0.8935242839352429,1.0,276,242
DYNAMOSA,org.fixsuite.message.info.DictionaryInfo,LINE;BRANCH;EXCEPTION;WEAKMUTATION;OUTPUT;METHOD;METHODNOEXCEPTION;CBRANCH,0.884560502283105,1.0,277,234
DYNAMOSA,org.fixsuite.message.info.DictionaryInfo,LINE;BRANCH;EXCEPTION;WEAKMUTATION;OUTPUT;METHOD;METHODNOEXCEPTION;CBRANCH,0.889921722113503,1.0,279,239
DYNAMOSA,org.fixsuite.message.info.DictionaryInfo,LINE;BRANCH;EXCEPTION;WEAKMUTATION;OUTPUT;METHOD;METHODNOEXCEPTION;CBRANCH,0.8758561643835616,1.0,275,234
DYNAMOSA,org.fixsuite.message.info.DictionaryInfo,LINE;BRANCH;EXCEPTION;WEAKMUTATION;OUTPUT;METHOD;METHODNOEXCEPTION;CBRANCH,0.8875131717597471,1.0,278,239
DYNAMOSA,org.fixsuite.message.info.DictionaryInfo,LINE;BRANCH;EXCEPTION;WEAKMUTATION;OUTPUT;METHOD;METHODNOEXCEPTION;CBRANCH,0.8792808219178082,1.0,275,236
DYNAMOSA,org.fixsuite.message.info.DictionaryInfo,LINE;BRANCH;EXCEPTION;WEAKMUTATION;OUTPUT;METHOD;METHODNOEXCEPTION;CBRANCH,0.8948344748858448,1.0,277,241
DYNAMOSA,org.fixsuite.message.info.DictionaryInfo,LINE;BRANCH;EXCEPTION;WEAKMUTATION;OUTPUT;METHOD;METHODNOEXCEPTION;CBRANCH,0.889554794520548,1.0,279,244
DYNAMOSA,org.fixsuite.message.info.DictionaryInfo,LINE;BRANCH;EXCEPTION;WEAKMUTATION;OUTPUT;METHOD;METHODNOEXCEPTION;CBRANCH,0.8781133250311333,1.0,276,233
DYNAMOSA,org.fixsuite.message.info.DictionaryInfo,LINE;BRANCH;EXCEPTION;WEAKMUTATION;OUTPUT;METHOD;METHODNOEXCEPTION;CBRANCH,0.884560502283105,1.0,277,235
DYNAMOSA,org.fixsuite.message.info.DictionaryInfo,LINE;BRANCH;EXCEPTION;WEAKMUTATION;OUTPUT;METHOD;METHODNOEXCEPTION;CBRANCH,0.8931221461187215,1.0,277,240
DYNAMOSA,org.fixsuite.message.info.DictionaryInfo,LINE;BRANCH;EXCEPTION;WEAKMUTATION;OUTPUT;METHOD;METHODNOEXCEPTION;CBRANCH,0.8851422550052688,1.0,278,233
DYNAMOSA,org.fixsuite.message.info.DictionaryInfo,LINE;BRANCH;EXCEPTION;WEAKMUTATION;OUTPUT;METHOD;METHODNOEXCEPTION;CBRANCH,0.8707191780821918,1.0,275,230
DYNAMOSA,org.fixsuite.message.info.DictionaryInfo,LINE;BRANCH;EXCEPTION;WEAKMUTATION;OUTPUT;METHOD;METHODNOEXCEPTION;CBRANCH,0.8781133250311333,1.0,276,232
DYNAMOSA,org.fixsuite.message.info.DictionaryInfo,LINE;BRANCH;EXCEPTION;WEAKMUTATION;OUTPUT;METHOD;METHODNOEXCEPTION;CBRANCH,0.8755268703898841,1.0,278,233
DYNAMOSA,org.fixsuite.message.info.DictionaryInfo,LINE;BRANCH;EXCEPTION;WEAKMUTATION;OUTPUT;METHOD;METHODNOEXCEPTION;CBRANCH,0.8823761854583773,1.0,278,237
DYNAMOSA,org.fixsuite.message.info.DictionaryInfo,LINE;BRANCH;EXCEPTION;WEAKMUTATION;OUTPUT;METHOD;METHODNOEXCEPTION;CBRANCH,0.9068207762557078,1.0,277,248
DYNAMOSA,org.fixsuite.message.info.DictionaryInfo,LINE;BRANCH;EXCEPTION;WEAKMUTATION;OUTPUT;METHOD;METHODNOEXCEPTION;CBRANCH,0.8777111872146119,1.0,277,231
DYNAMOSA,org.fixsuite.message.info.DictionaryInfo,LINE;BRANCH;EXCEPTION;WEAKMUTATION;OUTPUT;METHOD;METHODNOEXCEPTION;CBRANCH,0.8914098173515982,1.0,277,239
DYNAMOSA,org.fixsuite.message.info.DictionaryInfo,LINE;BRANCH;EXCEPTION;WEAKMUTATION;OUTPUT;METHOD;METHODNOEXCEPTION;CBRANCH,0.8896974885844748,1.0,277,237
DYNAMOSA,org.fixsuite.message.info.DictionaryInfo,LINE;BRANCH;EXCEPTION;WEAKMUTATION;OUTPUT;METHOD;METHODNOEXCEPTION;CBRANCH,0.8879851598173516,1.0,277,237
DYNAMOSA,org.fixsuite.message.info.DictionaryInfo,LINE;BRANCH;EXCEPTION;WEAKMUTATION;OUTPUT;METHOD;METHODNOEXCEPTION;CBRANCH,0.8929794520547946,1.0,277,244
DYNAMOSA,org.fixsuite.message.info.DictionaryInfo,LINE;BRANCH;EXCEPTION;WEAKMUTATION;OUTPUT;METHOD;METHODNOEXCEPTION;CBRANCH,0.8815379825653799,1.0,276,235
DYNAMOSA,org.fixsuite.message.info.DictionaryInfo,LINE;BRANCH;EXCEPTION;WEAKMUTATION;OUTPUT;METHOD;METHODNOEXCEPTION;CBRANCH,0.8690068493150684,1.0,277,231
DYNAMOSA,org.fixsuite.message.info.DictionaryInfo,LINE;BRANCH;EXCEPTION;WEAKMUTATION;OUTPUT;METHOD;METHODNOEXCEPTION;CBRANCH,0.9033961187214612,1.0,277,247
DYNAMOSA,org.fixsuite.message.info.DictionaryInfo,LINE;BRANCH;EXCEPTION;WEAKMUTATION;OUTPUT;METHOD;METHODNOEXCEPTION;CBRANCH,0.8977871443624869,1.0,278,246
DYNAMOSA,org.fixsuite.message.info.DictionaryInfo,LINE;BRANCH;EXCEPTION;WEAKMUTATION;OUTPUT;METHOD;METHODNOEXCEPTION;CBRANCH,0.8879851598173516,1.0,277,237
DYNAMOSA,org.fixsuite.message.info.DictionaryInfo,LINE;BRANCH;EXCEPTION;WEAKMUTATION;OUTPUT;METHOD;METHODNOEXCEPTION;CBRANCH,0.8999714611872146,1.0,277,243
DYNAMOSA,org.fixsuite.message.info.DictionaryInfo,LINE;BRANCH;EXCEPTION;WEAKMUTATION;OUTPUT;METHOD;METHODNOEXCEPTION;CBRANCH,0.8828481735159818,1.0,277,234
DYNAMOSA,org.fixsuite.message.info.DictionaryInfo,LINE;BRANCH;EXCEPTION;WEAKMUTATION;OUTPUT;METHOD;METHODNOEXCEPTION;CBRANCH,0.889921722113503,1.0,279,240
DYNAMOSA,org.fixsuite.message.info.DictionaryInfo,LINE;BRANCH;EXCEPTION;WEAKMUTATION;OUTPUT;METHOD;METHODNOEXCEPTION;CBRANCH,0.8982591324200914,1.0,277,243
DYNAMOSA,org.fixsuite.message.info.DictionaryInfo,LINE;BRANCH;EXCEPTION;WEAKMUTATION;OUTPUT;METHOD;METHODNOEXCEPTION;CBRANCH,0.9055105853051059,1.0,276,249
DYNAMOSA,org.fixsuite.message.info.DictionaryInfo,LINE;BRANCH;EXCEPTION;WEAKMUTATION;OUTPUT;METHOD;METHODNOEXCEPTION;CBRANCH,0.884560502283105,1.0,277,235
DYNAMOSA,org.fixsuite.message.info.DictionaryInfo,LINE;BRANCH;EXCEPTION;WEAKMUTATION;OUTPUT;METHOD;METHODNOEXCEPTION;CBRANCH,0.8988584474885845,1.0,280,245
DYNAMOSA,org.fixsuite.message.info.DictionaryInfo,LINE;BRANCH;EXCEPTION;WEAKMUTATION;OUTPUT;METHOD;METHODNOEXCEPTION;CBRANCH,0.9020859277708593,1.0,276,247
DYNAMOSA,org.fixsuite.message.info.DictionaryInfo,LINE;BRANCH;EXCEPTION;WEAKMUTATION;OUTPUT;METHOD;METHODNOEXCEPTION;CBRANCH,0.896546803652968,1.0,277,242
DYNAMOSA,org.fixsuite.message.info.DictionaryInfo,LINE;BRANCH;EXCEPTION;WEAKMUTATION;OUTPUT;METHOD;METHODNOEXCEPTION;CBRANCH,0.8806638566912539,1.0,278,235
DYNAMOSA,org.fixsuite.message.info.DictionaryInfo,LINE;BRANCH;EXCEPTION;WEAKMUTATION;OUTPUT;METHOD;METHODNOEXCEPTION;CBRANCH,0.8931221461187215,1.0,277,240
DYNAMOSA,org.fixsuite.message.info.DictionaryInfo,LINE;BRANCH;EXCEPTION;WEAKMUTATION;OUTPUT;METHOD;METHODNOEXCEPTION;CBRANCH,0.8954162276080084,1.0,278,240
DYNAMOSA,org.fixsuite.message.info.DictionaryInfo,LINE;BRANCH;EXCEPTION;WEAKMUTATION;OUTPUT;METHOD;METHODNOEXCEPTION;CBRANCH,0.9091148577449948,1.0,278,248
DYNAMOSA,org.fixsuite.message.info.DictionaryInfo,LINE;BRANCH;EXCEPTION;WEAKMUTATION;OUTPUT;METHOD;METHODNOEXCEPTION;CBRANCH,0.896546803652968,1.0,277,242
DYNAMOSA,org.fixsuite.message.info.DictionaryInfo,LINE;BRANCH;EXCEPTION;WEAKMUTATION;OUTPUT;METHOD;METHODNOEXCEPTION;CBRANCH,0.8882093933463797,1.0,279,239
DYNAMOSA,org.fixsuite.message.info.DictionaryInfo,LINE;BRANCH;EXCEPTION;WEAKMUTATION;OUTPUT;METHOD;METHODNOEXCEPTION;CBRANCH,0.8858008429926238,1.0,278,239
DYNAMOSA,org.fixsuite.message.info.DictionaryInfo,LINE;BRANCH;EXCEPTION;WEAKMUTATION;OUTPUT;METHOD;METHODNOEXCEPTION;CBRANCH,0.8866749688667497,1.0,276,237
DYNAMOSA,org.fixsuite.message.info.DictionaryInfo,LINE;BRANCH;EXCEPTION;WEAKMUTATION;OUTPUT;METHOD;METHODNOEXCEPTION;CBRANCH,0.884560502283105,1.0,277,235
DYNAMOSA,org.fixsuite.message.info.DictionaryInfo,LINE;BRANCH;EXCEPTION;WEAKMUTATION;OUTPUT;METHOD;METHODNOEXCEPTION;CBRANCH,0.8883872976338729,1.0,276,239
DYNAMOSA,org.fixsuite.message.info.DictionaryInfo,LINE;BRANCH;EXCEPTION;WEAKMUTATION;OUTPUT;METHOD;METHODNOEXCEPTION;CBRANCH,0.8931221461187215,1.0,277,240
DYNAMOSA,org.fixsuite.message.info.DictionaryInfo,LINE;BRANCH;EXCEPTION;WEAKMUTATION;OUTPUT;METHOD;METHODNOEXCEPTION;CBRANCH,0.8960748155953635,1.0,278,244
DYNAMOSA,org.fixsuite.message.info.DictionaryInfo,LINE;BRANCH;EXCEPTION;WEAKMUTATION;OUTPUT;METHOD;METHODNOEXCEPTION;CBRANCH,0.8902792413066386,1.0,278,237
DYNAMOSA,org.fixsuite.message.info.DictionaryInfo,LINE;BRANCH;EXCEPTION;WEAKMUTATION;OUTPUT;METHOD;METHODNOEXCEPTION;CBRANCH,0.8984833659491194,1.0,279,245
DYNAMOSA,org.fixsuite.message.info.DictionaryInfo,LINE;BRANCH;EXCEPTION;WEAKMUTATION;OUTPUT;METHOD;METHODNOEXCEPTION;CBRANCH,0.9121819960861057,1.0,279,253
DYNAMOSA,org.fixsuite.message.info.DictionaryInfo,LINE;BRANCH;EXCEPTION;WEAKMUTATION;OUTPUT;METHOD;METHODNOEXCEPTION;CBRANCH,0.896546803652968,1.0,277,243
DYNAMOSA,org.fixsuite.message.info.DictionaryInfo,LINE;BRANCH;EXCEPTION;WEAKMUTATION;OUTPUT;METHOD;METHODNOEXCEPTION;CBRANCH,0.8862728310502284,1.0,277,236
DYNAMOSA,org.fixsuite.message.info.DictionaryInfo,LINE;BRANCH;EXCEPTION;WEAKMUTATION;OUTPUT;METHOD;METHODNOEXCEPTION;CBRANCH,0.908533105022831,1.0,277,248
DYNAMOSA,org.fixsuite.message.info.DictionaryInfo,LINE;BRANCH;EXCEPTION;WEAKMUTATION;OUTPUT;METHOD;METHODNOEXCEPTION;CBRANCH,0.8661270236612703,1.0,276,226
DYNAMOSA,org.fixsuite.message.info.DictionaryInfo,LINE;BRANCH;EXCEPTION;WEAKMUTATION;OUTPUT;METHOD;METHODNOEXCEPTION;CBRANCH,0.8909378292939937,1.0,278,242
DYNAMOSA,org.fixsuite.message.info.DictionaryInfo,LINE;BRANCH;EXCEPTION;WEAKMUTATION;OUTPUT;METHOD;METHODNOEXCEPTION;CBRANCH,0.8781133250311333,1.0,276,233
DYNAMOSA,org.fixsuite.message.info.DictionaryInfo,LINE;BRANCH;EXCEPTION;WEAKMUTATION;OUTPUT;METHOD;METHODNOEXCEPTION;CBRANCH,0.898840885142255,1.0,278,241
DYNAMOSA,org.fixsuite.message.info.DictionaryInfo,LINE;BRANCH;EXCEPTION;WEAKMUTATION;OUTPUT;METHOD;METHODNOEXCEPTION;CBRANCH,0.8885844748858447,1.0,280,242
DYNAMOSA,org.fixsuite.message.info.DictionaryInfo,LINE;BRANCH;EXCEPTION;WEAKMUTATION;OUTPUT;METHOD;METHODNOEXCEPTION;CBRANCH,0.8746886674968867,1.0,276,230
DYNAMOSA,org.fixsuite.message.info.DictionaryInfo,LINE;BRANCH;EXCEPTION;WEAKMUTATION;OUTPUT;METHOD;METHODNOEXCEPTION;CBRANCH,0.8840885142255005,1.0,278,237
DYNAMOSA,org.fixsuite.message.info.DictionaryInfo,LINE;BRANCH;EXCEPTION;WEAKMUTATION;OUTPUT;METHOD;METHODNOEXCEPTION;CBRANCH,0.9142518440463646,1.0,278,250
DYNAMOSA,org.fixsuite.message.info.DictionaryInfo,LINE;BRANCH;EXCEPTION;WEAKMUTATION;OUTPUT;METHOD;METHODNOEXCEPTION;CBRANCH,0.8849626400996264,1.0,276,237
DYNAMOSA,org.fixsuite.message.info.DictionaryInfo,LINE;BRANCH;EXCEPTION;WEAKMUTATION;OUTPUT;METHOD;METHODNOEXCEPTION;CBRANCH,0.8999714611872146,1.0,277,242
DYNAMOSA,org.fixsuite.message.info.DictionaryInfo,LINE;BRANCH;EXCEPTION;WEAKMUTATION;OUTPUT;METHOD;METHODNOEXCEPTION;CBRANCH,0.9119577625570776,1.0,277,251
DYNAMOSA,org.fixsuite.message.info.DictionaryInfo,LINE;BRANCH;EXCEPTION;WEAKMUTATION;OUTPUT;METHOD;METHODNOEXCEPTION;CBRANCH,0.901683789954338,1.0,277,245
DYNAMOSA,org.fixsuite.message.info.DictionaryInfo,LINE;BRANCH;EXCEPTION;WEAKMUTATION;OUTPUT;METHOD;METHODNOEXCEPTION;CBRANCH,0.8879851598173516,1.0,277,237
DYNAMOSA,org.fixsuite.message.info.DictionaryInfo,LINE;BRANCH;EXCEPTION;WEAKMUTATION;OUTPUT;METHOD;METHODNOEXCEPTION;CBRANCH,0.9091148577449948,1.0,278,247
DYNAMOSA,org.fixsuite.message.info.DictionaryInfo,LINE;BRANCH;EXCEPTION;WEAKMUTATION;OUTPUT;METHOD;METHODNOEXCEPTION;CBRANCH,0.8806638566912539,1.0,278,236
DYNAMOSA,org.fixsuite.message.info.DictionaryInfo,LINE;BRANCH;EXCEPTION;WEAKMUTATION;OUTPUT;METHOD;METHODNOEXCEPTION;CBRANCH,0.8952366127023661,1.0,276,243
DYNAMOSA,org.fixsuite.message.info.DictionaryInfo,LINE;BRANCH;EXCEPTION;WEAKMUTATION;OUTPUT;METHOD;METHODNOEXCEPTION;CBRANCH,0.8883872976338729,1.0,276,240
DYNAMOSA,org.fixsuite.message.info.DictionaryInfo,LINE;BRANCH;EXCEPTION;WEAKMUTATION;OUTPUT;METHOD;METHODNOEXCEPTION;CBRANCH,0.8758561643835616,1.0,275,233
DYNAMOSA,org.fixsuite.message.info.DictionaryInfo,LINE;BRANCH;EXCEPTION;WEAKMUTATION;OUTPUT;METHOD;METHODNOEXCEPTION;CBRANCH,0.8896974885844748,1.0,277,238
DYNAMOSA,org.fixsuite.message.info.DictionaryInfo,LINE;BRANCH;EXCEPTION;WEAKMUTATION;OUTPUT;METHOD;METHODNOEXCEPTION;CBRANCH,0.8851422550052688,1.0,278,233
DYNAMOSA,org.fixsuite.message.info.DictionaryInfo,LINE;BRANCH;EXCEPTION;WEAKMUTATION;OUTPUT;METHOD;METHODNOEXCEPTION;CBRANCH,0.9053326810176126,1.0,279,249
DYNAMOSA,org.fixsuite.message.info.DictionaryInfo,LINE;BRANCH;EXCEPTION;WEAKMUTATION;OUTPUT;METHOD;METHODNOEXCEPTION;CBRANCH,0.8883872976338729,1.0,276,239
DYNAMOSA,org.fixsuite.message.info.DictionaryInfo,LINE;BRANCH;EXCEPTION;WEAKMUTATION;OUTPUT;METHOD;METHODNOEXCEPTION;CBRANCH,0.8977871443624869,1.0,278,246
DYNAMOSA,org.fixsuite.message.info.DictionaryInfo,LINE;BRANCH;EXCEPTION;WEAKMUTATION;OUTPUT;METHOD;METHODNOEXCEPTION;CBRANCH,0.8900996264009963,1.0,276,239
DYNAMOSA,org.fixsuite.message.info.DictionaryInfo,LINE;BRANCH;EXCEPTION;WEAKMUTATION;OUTPUT;METHOD;METHODNOEXCEPTION;CBRANCH,0.884560502283105,1.0,277,234
DYNAMOSA,org.fixsuite.message.info.DictionaryInfo,LINE;BRANCH;EXCEPTION;WEAKMUTATION;OUTPUT;METHOD;METHODNOEXCEPTION;CBRANCH,0.8948344748858448,1.0,277,241
DYNAMOSA,org.fixsuite.message.info.DictionaryInfo,LINE;BRANCH;EXCEPTION;WEAKMUTATION;OUTPUT;METHOD;METHODNOEXCEPTION;CBRANCH,0.901908023483366,1.0,279,247
DYNAMOSA,org.fixsuite.message.info.DictionaryInfo,LINE;BRANCH;EXCEPTION;WEAKMUTATION;OUTPUT;METHOD;METHODNOEXCEPTION;CBRANCH,0.9012118018967334,1.0,278,247
DYNAMOSA,org.fixsuite.message.info.DictionaryInfo,LINE;BRANCH;EXCEPTION;WEAKMUTATION;OUTPUT;METHOD;METHODNOEXCEPTION;CBRANCH,0.8866749688667497,1.0,276,238
DYNAMOSA,org.fixsuite.message.info.DictionaryInfo,LINE;BRANCH;EXCEPTION;WEAKMUTATION;OUTPUT;METHOD;METHODNOEXCEPTION;CBRANCH,0.902283105022831,1.0,280,250
DYNAMOSA,org.fixsuite.message.info.DictionaryInfo,LINE;BRANCH;EXCEPTION;WEAKMUTATION;OUTPUT;METHOD;METHODNOEXCEPTION;CBRANCH,0.8813600782778865,1.0,279,235
DYNAMOSA,org.fixsuite.message.info.DictionaryInfo,LINE;BRANCH;EXCEPTION;WEAKMUTATION;OUTPUT;METHOD;METHODNOEXCEPTION;CBRANCH,0.8986612702366127,1.0,276,245
DYNAMOSA,org.fixsuite.message.info.DictionaryInfo,LINE;BRANCH;EXCEPTION;WEAKMUTATION;OUTPUT;METHOD;METHODNOEXCEPTION;CBRANCH,0.908533105022831,1.0,277,248
DYNAMOSA,org.fixsuite.message.info.DictionaryInfo,LINE;BRANCH;EXCEPTION;WEAKMUTATION;OUTPUT;METHOD;METHODNOEXCEPTION;CBRANCH,0.9091148577449948,1.0,278,248
DYNAMOSA,org.fixsuite.message.info.DictionaryInfo,LINE;BRANCH;EXCEPTION;WEAKMUTATION;OUTPUT;METHOD;METHODNOEXCEPTION;CBRANCH,0.884560502283105,1.0,277,235
DYNAMOSA,org.fixsuite.message.info.DictionaryInfo,LINE;BRANCH;EXCEPTION;WEAKMUTATION;OUTPUT;METHOD;METHODNOEXCEPTION;CBRANCH,0.8809931506849316,1.0,279,238
DYNAMOSA,org.fixsuite.message.info.DictionaryInfo,LINE;BRANCH;EXCEPTION;WEAKMUTATION;OUTPUT;METHOD;METHODNOEXCEPTION;CBRANCH,0.9053326810176126,1.0,279,249
DYNAMOSA,org.fixsuite.message.info.DictionaryInfo,LINE;BRANCH;EXCEPTION;WEAKMUTATION;OUTPUT;METHOD;METHODNOEXCEPTION;CBRANCH,0.8878424657534246,1.0,279,243
DYNAMOSA,org.fixsuite.message.info.DictionaryInfo,LINE;BRANCH;EXCEPTION;WEAKMUTATION;OUTPUT;METHOD;METHODNOEXCEPTION;CBRANCH,0.8931221461187215,1.0,277,240
DYNAMOSA,org.fixsuite.message.info.DictionaryInfo,LINE;BRANCH;EXCEPTION;WEAKMUTATION;OUTPUT;METHOD;METHODNOEXCEPTION;CBRANCH,0.8999714611872146,1.0,277,244
DYNAMOSA,org.fixsuite.message.info.DictionaryInfo,LINE;BRANCH;EXCEPTION;WEAKMUTATION;OUTPUT;METHOD;METHODNOEXCEPTION;CBRANCH,0.8931221461187215,1.0,277,240
DYNAMOSA,org.fixsuite.message.info.DictionaryInfo,LINE;BRANCH;EXCEPTION;WEAKMUTATION;OUTPUT;METHOD;METHODNOEXCEPTION;CBRANCH,0.8772391991570073,1.0,278,234
DYNAMOSA,org.fixsuite.message.info.DictionaryInfo,LINE;BRANCH;EXCEPTION;WEAKMUTATION;OUTPUT;METHOD;METHODNOEXCEPTION;CBRANCH,0.8931221461187215,1.0,277,240
DYNAMOSA,org.fixsuite.message.info.DictionaryInfo,LINE;BRANCH;EXCEPTION;WEAKMUTATION;OUTPUT;METHOD;METHODNOEXCEPTION;CBRANCH,0.8896974885844748,1.0,277,238
DYNAMOSA,org.fixsuite.message.info.DictionaryInfo,LINE;BRANCH;EXCEPTION;WEAKMUTATION;OUTPUT;METHOD;METHODNOEXCEPTION;CBRANCH,0.8875131717597471,1.0,278,239
DYNAMOSA,org.fixsuite.message.info.DictionaryInfo,LINE;BRANCH;EXCEPTION;WEAKMUTATION;OUTPUT;METHOD;METHODNOEXCEPTION;CBRANCH,0.8892255005268703,1.0,278,241
DYNAMOSA,org.fixsuite.message.info.DictionaryInfo,LINE;BRANCH;EXCEPTION;WEAKMUTATION;OUTPUT;METHOD;METHODNOEXCEPTION;CBRANCH,0.886854583772392,1.0,278,234
DYNAMOSA,org.fixsuite.message.info.DictionaryInfo,LINE;BRANCH;EXCEPTION;WEAKMUTATION;OUTPUT;METHOD;METHODNOEXCEPTION;CBRANCH,0.8984833659491194,1.0,279,244
DYNAMOSA,org.fixsuite.message.info.DictionaryInfo,LINE;BRANCH;EXCEPTION;WEAKMUTATION;OUTPUT;METHOD;METHODNOEXCEPTION;CBRANCH,0.896546803652968,1.0,277,241
DYNAMOSA,org.fixsuite.message.info.DictionaryInfo,LINE;BRANCH;EXCEPTION;WEAKMUTATION;OUTPUT;METHOD;METHODNOEXCEPTION;CBRANCH,0.8948344748858448,1.0,277,241
DYNAMOSA,org.fixsuite.message.info.DictionaryInfo,LINE;BRANCH;EXCEPTION;WEAKMUTATION;OUTPUT;METHOD;METHODNOEXCEPTION;CBRANCH,0.8758561643835616,1.0,279,236
DYNAMOSA,org.fixsuite.message.info.DictionaryInfo,LINE;BRANCH;EXCEPTION;WEAKMUTATION;OUTPUT;METHOD;METHODNOEXCEPTION;CBRANCH,0.8832503113325031,1.0,276,236
DYNAMOSA,org.fixsuite.message.info.DictionaryInfo,LINE;BRANCH;EXCEPTION;WEAKMUTATION;OUTPUT;METHOD;METHODNOEXCEPTION;CBRANCH,0.9037982565379825,1.0,276,248
DYNAMOSA,org.fixsuite.message.info.DictionaryInfo,LINE;BRANCH;EXCEPTION;WEAKMUTATION;OUTPUT;METHOD;METHODNOEXCEPTION;CBRANCH,0.8948344748858448,1.0,277,241
DYNAMOSA,org.fixsuite.message.info.DictionaryInfo,LINE;BRANCH;EXCEPTION;WEAKMUTATION;OUTPUT;METHOD;METHODNOEXCEPTION;CBRANCH,0.8879851598173516,1.0,277,237
DYNAMOSA,org.fixsuite.message.info.DictionaryInfo,LINE;BRANCH;EXCEPTION;WEAKMUTATION;OUTPUT;METHOD;METHODNOEXCEPTION;CBRANCH,0.9005532139093784,1.0,278,243
DYNAMOSA,org.fixsuite.message.info.DictionaryInfo,LINE;BRANCH;EXCEPTION;WEAKMUTATION;OUTPUT;METHOD;METHODNOEXCEPTION;CBRANCH,0.8902792413066386,1.0,278,237
DYNAMOSA,org.fixsuite.message.info.DictionaryInfo,LINE;BRANCH;EXCEPTION;WEAKMUTATION;OUTPUT;METHOD;METHODNOEXCEPTION;CBRANCH,0.8755268703898841,1.0,278,233
DYNAMOSA,org.fixsuite.message.info.DictionaryInfo,LINE;BRANCH;EXCEPTION;WEAKMUTATION;OUTPUT;METHOD;METHODNOEXCEPTION;CBRANCH,0.877568493150685,1.0,275,235
DYNAMOSA,org.fixsuite.message.info.DictionaryInfo,LINE;BRANCH;EXCEPTION;WEAKMUTATION;OUTPUT;METHOD;METHODNOEXCEPTION;CBRANCH,0.8892255005268703,1.0,278,241
DYNAMOSA,org.fixsuite.message.info.DictionaryInfo,LINE;BRANCH;EXCEPTION;WEAKMUTATION;OUTPUT;METHOD;METHODNOEXCEPTION;CBRANCH,0.8999714611872146,1.0,277,243
DYNAMOSA,org.fixsuite.message.info.DictionaryInfo,LINE;BRANCH;EXCEPTION;WEAKMUTATION;OUTPUT;METHOD;METHODNOEXCEPTION;CBRANCH,0.8892255005268703,1.0,278,241
DYNAMOSA,org.fixsuite.message.info.DictionaryInfo,LINE;BRANCH;EXCEPTION;WEAKMUTATION;OUTPUT;METHOD;METHODNOEXCEPTION;CBRANCH,0.8918119551681196,1.0,276,240
DYNAMOSA,org.fixsuite.message.info.DictionaryInfo,LINE;BRANCH;EXCEPTION;WEAKMUTATION;OUTPUT;METHOD;METHODNOEXCEPTION;CBRANCH,0.8875131717597471,1.0,278,239
DYNAMOSA,org.fixsuite.message.info.DictionaryInfo,LINE;BRANCH;EXCEPTION;WEAKMUTATION;OUTPUT;METHOD;METHODNOEXCEPTION;CBRANCH,0.9049657534246576,1.0,275,251
DYNAMOSA,org.fixsuite.message.info.DictionaryInfo,LINE;BRANCH;EXCEPTION;WEAKMUTATION;OUTPUT;METHOD;METHODNOEXCEPTION;CBRANCH,0.8914098173515982,1.0,277,238
DYNAMOSA,org.fixsuite.message.info.DictionaryInfo,LINE;BRANCH;EXCEPTION;WEAKMUTATION;OUTPUT;METHOD;METHODNOEXCEPTION;CBRANCH,0.8827054794520548,1.0,279,239
DYNAMOSA,org.fixsuite.message.info.DictionaryInfo,LINE;BRANCH;EXCEPTION;WEAKMUTATION;OUTPUT;METHOD;METHODNOEXCEPTION;CBRANCH,0.8999714611872146,1.0,277,244
DYNAMOSA,org.fixsuite.message.info.DictionaryInfo,LINE;BRANCH;EXCEPTION;WEAKMUTATION;OUTPUT;METHOD;METHODNOEXCEPTION;CBRANCH,0.9068207762557078,1.0,277,248
DYNAMOSA,org.fixsuite.message.info.DictionaryInfo,LINE;BRANCH;EXCEPTION;WEAKMUTATION;OUTPUT;METHOD;METHODNOEXCEPTION;CBRANCH,0.901683789954338,1.0,277,245
DYNAMOSA,org.fixsuite.message.info.DictionaryInfo,LINE;BRANCH;EXCEPTION;WEAKMUTATION;OUTPUT;METHOD;METHODNOEXCEPTION;CBRANCH,0.8914098173515982,1.0,277,239
DYNAMOSA,org.fixsuite.message.info.DictionaryInfo,LINE;BRANCH;EXCEPTION;WEAKMUTATION;OUTPUT;METHOD;METHODNOEXCEPTION;CBRANCH,0.8858008429926238,1.0,278,238
DYNAMOSA,org.fixsuite.message.info.DictionaryInfo,LINE;BRANCH;EXCEPTION;WEAKMUTATION;OUTPUT;METHOD;METHODNOEXCEPTION;CBRANCH,0.901683789954338,1.0,277,245
DYNAMOSA,org.fixsuite.message.info.DictionaryInfo,LINE;BRANCH;EXCEPTION;WEAKMUTATION;OUTPUT;METHOD;METHODNOEXCEPTION;CBRANCH,0.8721022128556375,1.0,278,231
DYNAMOSA,org.fixsuite.message.info.DictionaryInfo,LINE;BRANCH;EXCEPTION;WEAKMUTATION;OUTPUT;METHOD;METHODNOEXCEPTION;CBRANCH,0.8849626400996264,1.0,276,236
DYNAMOSA,org.fixsuite.message.info.DictionaryInfo,LINE;BRANCH;EXCEPTION;WEAKMUTATION;OUTPUT;METHOD;METHODNOEXCEPTION;CBRANCH,0.8861301369863014,1.0,279,242
DYNAMOSA,org.fixsuite.message.info.DictionaryInfo,LINE;BRANCH;EXCEPTION;WEAKMUTATION;OUTPUT;METHOD;METHODNOEXCEPTION;CBRANCH,0.8827054794520548,1.0,277,239
DYNAMOSA,org.fixsuite.message.info.DictionaryInfo,LINE;BRANCH;EXCEPTION;WEAKMUTATION;OUTPUT;METHOD;METHODNOEXCEPTION;CBRANCH,0.8994994731296101,1.0,278,246
DYNAMOSA,org.fixsuite.message.info.DictionaryInfo,LINE;BRANCH;EXCEPTION;WEAKMUTATION;OUTPUT;METHOD;METHODNOEXCEPTION;CBRANCH,0.8935242839352429,1.0,276,242
DYNAMOSA,org.fixsuite.message.info.DictionaryInfo,LINE;BRANCH;EXCEPTION;WEAKMUTATION;OUTPUT;METHOD;METHODNOEXCEPTION;CBRANCH,0.8900996264009963,1.0,276,239
DYNAMOSA,org.fixsuite.message.info.DictionaryInfo,LINE;BRANCH;EXCEPTION;WEAKMUTATION;OUTPUT;METHOD;METHODNOEXCEPTION;CBRANCH,0.8878424657534246,1.0,275,240
DYNAMOSA,org.fixsuite.message.info.DictionaryInfo,LINE;BRANCH;EXCEPTION;WEAKMUTATION;OUTPUT;METHOD;METHODNOEXCEPTION;CBRANCH,0.8882093933463797,1.0,279,238
DYNAMOSA,org.fixsuite.message.info.DictionaryInfo,LINE;BRANCH;EXCEPTION;WEAKMUTATION;OUTPUT;METHOD;METHODNOEXCEPTION;CBRANCH,0.896546803652968,1.0,277,241
DYNAMOSA,org.fixsuite.message.info.DictionaryInfo,LINE;BRANCH;EXCEPTION;WEAKMUTATION;OUTPUT;METHOD;METHODNOEXCEPTION;CBRANCH,0.9070450097847358,1.0,279,250
DYNAMOSA,org.fixsuite.message.info.DictionaryInfo,LINE;BRANCH;EXCEPTION;WEAKMUTATION;OUTPUT;METHOD;METHODNOEXCEPTION;CBRANCH,0.8986612702366127,1.0,276,244
DYNAMOSA,org.fixsuite.message.info.DictionaryInfo,LINE;BRANCH;EXCEPTION;WEAKMUTATION;OUTPUT;METHOD;METHODNOEXCEPTION;CBRANCH,0.8896974885844748,1.0,277,237
DYNAMOSA,org.fixsuite.message.info.DictionaryInfo,LINE;BRANCH;EXCEPTION;WEAKMUTATION;OUTPUT;METHOD;METHODNOEXCEPTION;CBRANCH,0.900373599003736,1.0,276,246
DYNAMOSA,org.fixsuite.message.info.DictionaryInfo,LINE;BRANCH;EXCEPTION;WEAKMUTATION;OUTPUT;METHOD;METHODNOEXCEPTION;CBRANCH,0.901683789954338,1.0,277,245
DYNAMOSA,org.fixsuite.message.info.DictionaryInfo,LINE;BRANCH;EXCEPTION;WEAKMUTATION;OUTPUT;METHOD;METHODNOEXCEPTION;CBRANCH,0.8861301369863014,1.0,277,241
DYNAMOSA,org.fixsuite.message.info.DictionaryInfo,LINE;BRANCH;EXCEPTION;WEAKMUTATION;OUTPUT;METHOD;METHODNOEXCEPTION;CBRANCH,0.900373599003736,1.0,276,246
DYNAMOSA,org.fixsuite.message.info.DictionaryInfo,LINE;BRANCH;EXCEPTION;WEAKMUTATION;OUTPUT;METHOD;METHODNOEXCEPTION;CBRANCH,0.908533105022831,1.0,277,249
DYNAMOSA,org.fixsuite.message.info.DictionaryInfo,LINE;BRANCH;EXCEPTION;WEAKMUTATION;OUTPUT;METHOD;METHODNOEXCEPTION;CBRANCH,0.9053326810176126,1.0,279,248
DYNAMOSA,org.fixsuite.message.info.DictionaryInfo,LINE;BRANCH;EXCEPTION;WEAKMUTATION;OUTPUT;METHOD;METHODNOEXCEPTION;CBRANCH,0.9056902002107482,1.0,278,246
DYNAMOSA,org.fixsuite.message.info.DictionaryInfo,LINE;BRANCH;EXCEPTION;WEAKMUTATION;OUTPUT;METHOD;METHODNOEXCEPTION;CBRANCH,0.8935242839352429,1.0,276,241
DYNAMOSA,org.fixsuite.message.info.DictionaryInfo,LINE;BRANCH;EXCEPTION;WEAKMUTATION;OUTPUT;METHOD;METHODNOEXCEPTION;CBRANCH,0.8862728310502284,1.0,277,236
DYNAMOSA,org.fixsuite.message.info.DictionaryInfo,LINE;BRANCH;EXCEPTION;WEAKMUTATION;OUTPUT;METHOD;METHODNOEXCEPTION;CBRANCH,0.8883872976338729,1.0,276,239
DYNAMOSA,org.fixsuite.message.info.DictionaryInfo,LINE;BRANCH;EXCEPTION;WEAKMUTATION;OUTPUT;METHOD;METHODNOEXCEPTION;CBRANCH,0.8806638566912539,1.0,278,235
DYNAMOSA,org.fixsuite.message.info.DictionaryInfo,LINE;BRANCH;EXCEPTION;WEAKMUTATION;OUTPUT;METHOD;METHODNOEXCEPTION;CBRANCH,0.8950587084148728,1.0,279,243
DYNAMOSA,org.fixsuite.message.info.DictionaryInfo,LINE;BRANCH;EXCEPTION;WEAKMUTATION;OUTPUT;METHOD;METHODNOEXCEPTION;CBRANCH,0.8741438356164384,1.0,277,233
DYNAMOSA,org.fixsuite.message.info.DictionaryInfo,LINE;BRANCH;EXCEPTION;WEAKMUTATION;OUTPUT;METHOD;METHODNOEXCEPTION;CBRANCH,0.8806638566912539,1.0,278,239
DYNAMOSA,org.fixsuite.message.info.DictionaryInfo,LINE;BRANCH;EXCEPTION;WEAKMUTATION;OUTPUT;METHOD;METHODNOEXCEPTION;CBRANCH,0.8851422550052688,1.0,278,234
DYNAMOSA,org.fixsuite.message.info.DictionaryInfo,LINE;BRANCH;EXCEPTION;WEAKMUTATION;OUTPUT;METHOD;METHODNOEXCEPTION;CBRANCH,0.8926501580611169,1.0,278,243
DYNAMOSA,org.fixsuite.message.info.DictionaryInfo,LINE;BRANCH;EXCEPTION;WEAKMUTATION;OUTPUT;METHOD;METHODNOEXCEPTION;CBRANCH,0.8926501580611169,1.0,278,242
DYNAMOSA,org.fixsuite.message.info.DictionaryInfo,LINE;BRANCH;EXCEPTION;WEAKMUTATION;OUTPUT;METHOD;METHODNOEXCEPTION;CBRANCH,0.9074025289778714,1.0,278,247
DYNAMOSA,org.fixsuite.message.info.DictionaryInfo,LINE;BRANCH;EXCEPTION;WEAKMUTATION;OUTPUT;METHOD;METHODNOEXCEPTION;CBRANCH,0.8883872976338729,1.0,276,239
DYNAMOSA,org.fixsuite.message.info.DictionaryInfo,LINE;BRANCH;EXCEPTION;WEAKMUTATION;OUTPUT;METHOD;METHODNOEXCEPTION;CBRANCH,0.8919915700737618,1.0,278,238
DYNAMOSA,org.fixsuite.message.info.DictionaryInfo,LINE;BRANCH;EXCEPTION;WEAKMUTATION;OUTPUT;METHOD;METHODNOEXCEPTION;CBRANCH,0.913670091324201,1.0,277,252
DYNAMOSA,org.fixsuite.message.info.DictionaryInfo,LINE;BRANCH;EXCEPTION;WEAKMUTATION;OUTPUT;METHOD;METHODNOEXCEPTION;CBRANCH,0.8792808219178082,1.0,279,238
DYNAMOSA,org.fixsuite.message.info.DictionaryInfo,LINE;BRANCH;EXCEPTION;WEAKMUTATION;OUTPUT;METHOD;METHODNOEXCEPTION;CBRANCH,0.8828481735159818,1.0,277,234
DYNAMOSA,org.fixsuite.message.info.DictionaryInfo,LINE;BRANCH;EXCEPTION;WEAKMUTATION;OUTPUT;METHOD;METHODNOEXCEPTION;CBRANCH,0.8948344748858448,1.0,277,241
DYNAMOSA,org.fixsuite.message.info.DictionaryInfo,LINE;BRANCH;EXCEPTION;WEAKMUTATION;OUTPUT;METHOD;METHODNOEXCEPTION;CBRANCH,0.8883872976338729,1.0,276,239
DYNAMOSA,org.fixsuite.message.info.DictionaryInfo,LINE;BRANCH;EXCEPTION;WEAKMUTATION;OUTPUT;METHOD;METHODNOEXCEPTION;CBRANCH,0.8840885142255005,1.0,278,236
DYNAMOSA,org.fixsuite.message.info.DictionaryInfo,LINE;BRANCH;EXCEPTION;WEAKMUTATION;OUTPUT;METHOD;METHODNOEXCEPTION;CBRANCH,0.8798256537982565,1.0,276,234
DYNAMOSA,org.fixsuite.message.info.DictionaryInfo,LINE;BRANCH;EXCEPTION;WEAKMUTATION;OUTPUT;METHOD;METHODNOEXCEPTION;CBRANCH,0.9072229140722291,1.0,276,250
DYNAMOSA,org.fixsuite.message.info.DictionaryInfo,LINE;BRANCH;EXCEPTION;WEAKMUTATION;OUTPUT;METHOD;METHODNOEXCEPTION;CBRANCH,0.8896974885844748,1.0,277,238
DYNAMOSA,org.fixsuite.message.info.DictionaryInfo,LINE;BRANCH;EXCEPTION;WEAKMUTATION;OUTPUT;METHOD;METHODNOEXCEPTION;CBRANCH,0.884417808219178,1.0,279,241
DYNAMOSA,org.fixsuite.message.info.DictionaryInfo,LINE;BRANCH;EXCEPTION;WEAKMUTATION;OUTPUT;METHOD;METHODNOEXCEPTION;CBRANCH,0.8798256537982565,1.0,276,234
DYNAMOSA,org.fixsuite.message.info.DictionaryInfo,LINE;BRANCH;EXCEPTION;WEAKMUTATION;OUTPUT;METHOD;METHODNOEXCEPTION;CBRANCH,0.889554794520548,1.0,275,242
DYNAMOSA,org.fixsuite.message.info.DictionaryInfo,LINE;BRANCH;EXCEPTION;WEAKMUTATION;OUTPUT;METHOD;METHODNOEXCEPTION;CBRANCH,0.9051084474885844,1.0,277,247
DYNAMOSA,org.fixsuite.message.info.DictionaryInfo,LINE;BRANCH;EXCEPTION;WEAKMUTATION;OUTPUT;METHOD;METHODNOEXCEPTION;CBRANCH,0.8931221461187215,1.0,277,240
DYNAMOSA,org.fixsuite.message.info.DictionaryInfo,LINE;BRANCH;EXCEPTION;WEAKMUTATION;OUTPUT;METHOD;METHODNOEXCEPTION;CBRANCH,0.8999714611872146,1.0,277,244
DYNAMOSA,org.fixsuite.message.info.DictionaryInfo,LINE;BRANCH;EXCEPTION;WEAKMUTATION;OUTPUT;METHOD;METHODNOEXCEPTION;CBRANCH,0.8828481735159818,1.0,277,234
DYNAMOSA,org.fixsuite.message.info.DictionaryInfo,LINE;BRANCH;EXCEPTION;WEAKMUTATION;OUTPUT;METHOD;METHODNOEXCEPTION;CBRANCH,0.9102454337899544,1.0,277,250
DYNAMOSA,org.fixsuite.message.info.DictionaryInfo,LINE;BRANCH;EXCEPTION;WEAKMUTATION;OUTPUT;METHOD;METHODNOEXCEPTION;CBRANCH,0.898840885142255,1.0,278,242
DYNAMOSA,org.fixsuite.message.info.DictionaryInfo,LINE;BRANCH;EXCEPTION;WEAKMUTATION;OUTPUT;METHOD;METHODNOEXCEPTION;CBRANCH,0.8896974885844748,1.0,277,238
DYNAMOSA,org.fixsuite.message.info.DictionaryInfo,LINE;BRANCH;EXCEPTION;WEAKMUTATION;OUTPUT;METHOD;METHODNOEXCEPTION;CBRANCH,0.8954162276080084,1.0,278,240
DYNAMOSA,org.fixsuite.message.info.DictionaryInfo,LINE;BRANCH;EXCEPTION;WEAKMUTATION;OUTPUT;METHOD;METHODNOEXCEPTION;CBRANCH,0.8823761854583773,1.0,278,237
DYNAMOSA,org.fixsuite.message.info.DictionaryInfo,LINE;BRANCH;EXCEPTION;WEAKMUTATION;OUTPUT;METHOD;METHODNOEXCEPTION;CBRANCH,0.8815379825653799,1.0,276,235
DYNAMOSA,org.fixsuite.message.info.DictionaryInfo,LINE;BRANCH;EXCEPTION;WEAKMUTATION;OUTPUT;METHOD;METHODNOEXCEPTION;CBRANCH,0.8883872976338729,1.0,276,239
DYNAMOSA,org.fixsuite.message.info.DictionaryInfo,LINE;BRANCH;EXCEPTION;WEAKMUTATION;OUTPUT;METHOD;METHODNOEXCEPTION;CBRANCH,0.8986612702366127,1.0,276,246
DYNAMOSA,org.fixsuite.message.info.DictionaryInfo,LINE;BRANCH;EXCEPTION;WEAKMUTATION;OUTPUT;METHOD;METHODNOEXCEPTION;CBRANCH,0.8862728310502284,1.0,277,236
DYNAMOSA,org.fixsuite.message.info.DictionaryInfo,LINE;BRANCH;EXCEPTION;WEAKMUTATION;OUTPUT;METHOD;METHODNOEXCEPTION;CBRANCH,0.9033961187214612,1.0,277,246
DYNAMOSA,org.fixsuite.message.info.DictionaryInfo,LINE;BRANCH;EXCEPTION;WEAKMUTATION;OUTPUT;METHOD;METHODNOEXCEPTION;CBRANCH,0.8861301369863014,1.0,275,240
DYNAMOSA,org.fixsuite.message.info.DictionaryInfo,LINE;BRANCH;EXCEPTION;WEAKMUTATION;OUTPUT;METHOD;METHODNOEXCEPTION;CBRANCH,0.8851422550052688,1.0,278,234
DYNAMOSA,org.fixsuite.message.info.DictionaryInfo,LINE;BRANCH;EXCEPTION;WEAKMUTATION;OUTPUT;METHOD;METHODNOEXCEPTION;CBRANCH,0.8746886674968867,1.0,276,231
DYNAMOSA,org.fixsuite.message.info.DictionaryInfo,LINE;BRANCH;EXCEPTION;WEAKMUTATION;OUTPUT;METHOD;METHODNOEXCEPTION;CBRANCH,0.8879851598173516,1.0,277,237
DYNAMOSA,org.fixsuite.message.info.DictionaryInfo,LINE;BRANCH;EXCEPTION;WEAKMUTATION;OUTPUT;METHOD;METHODNOEXCEPTION;CBRANCH,0.8883872976338729,1.0,276,240
DYNAMOSA,org.fixsuite.message.info.DictionaryInfo,LINE;BRANCH;EXCEPTION;WEAKMUTATION;OUTPUT;METHOD;METHODNOEXCEPTION;CBRANCH,0.8792808219178082,1.0,275,236
DYNAMOSA,org.fixsuite.message.info.DictionaryInfo,LINE;BRANCH;EXCEPTION;WEAKMUTATION;OUTPUT;METHOD;METHODNOEXCEPTION;CBRANCH,0.872431506849315,1.0,275,231
DYNAMOSA,org.fixsuite.message.info.DictionaryInfo,LINE;BRANCH;EXCEPTION;WEAKMUTATION;OUTPUT;METHOD;METHODNOEXCEPTION;CBRANCH,0.8948344748858448,1.0,277,241
DYNAMOSA,org.fixsuite.message.info.DictionaryInfo,LINE;BRANCH;EXCEPTION;WEAKMUTATION;OUTPUT;METHOD;METHODNOEXCEPTION;CBRANCH,0.8781133250311333,1.0,276,232
DYNAMOSA,org.fixsuite.message.info.DictionaryInfo,LINE;BRANCH;EXCEPTION;WEAKMUTATION;OUTPUT;METHOD;METHODNOEXCEPTION;CBRANCH,0.8849626400996264,1.0,276,237
DYNAMOSA,org.fixsuite.message.info.DictionaryInfo,LINE;BRANCH;EXCEPTION;WEAKMUTATION;OUTPUT;METHOD;METHODNOEXCEPTION;CBRANCH,0.9033961187214612,1.0,277,245
DYNAMOSA,org.fixsuite.message.info.DictionaryInfo,LINE;BRANCH;EXCEPTION;WEAKMUTATION;OUTPUT;METHOD;METHODNOEXCEPTION;CBRANCH,0.8885669125395153,1.0,278,236
DYNAMOSA,org.fixsuite.message.info.DictionaryInfo,LINE;BRANCH;EXCEPTION;WEAKMUTATION;OUTPUT;METHOD;METHODNOEXCEPTION;CBRANCH,0.8748858447488584,1.0,280,234
DYNAMOSA,org.fixsuite.message.info.DictionaryInfo,LINE;BRANCH;EXCEPTION;WEAKMUTATION;OUTPUT;METHOD;METHODNOEXCEPTION;CBRANCH,0.8800052687038988,1.0,278,231
DYNAMOSA,org.fixsuite.message.info.DictionaryInfo,LINE;BRANCH;EXCEPTION;WEAKMUTATION;OUTPUT;METHOD;METHODNOEXCEPTION;CBRANCH,0.8828481735159818,1.0,277,234
DYNAMOSA,org.fixsuite.message.info.DictionaryInfo,LINE;BRANCH;EXCEPTION;WEAKMUTATION;OUTPUT;METHOD;METHODNOEXCEPTION;CBRANCH,0.8815379825653799,1.0,276,235
DYNAMOSA,org.fixsuite.message.info.DictionaryInfo,LINE;BRANCH;EXCEPTION;WEAKMUTATION;OUTPUT;METHOD;METHODNOEXCEPTION;CBRANCH,0.8916340508806262,1.0,279,241
DYNAMOSA,org.fixsuite.message.info.DictionaryInfo,LINE;BRANCH;EXCEPTION;WEAKMUTATION;OUTPUT;METHOD;METHODNOEXCEPTION;CBRANCH,0.8883872976338729,1.0,276,238
DYNAMOSA,org.fixsuite.message.info.DictionaryInfo,LINE;BRANCH;EXCEPTION;WEAKMUTATION;OUTPUT;METHOD;METHODNOEXCEPTION;CBRANCH,0.8935242839352429,1.0,276,242
DYNAMOSA,org.fixsuite.message.info.DictionaryInfo,LINE;BRANCH;EXCEPTION;WEAKMUTATION;OUTPUT;METHOD;METHODNOEXCEPTION;CBRANCH,0.9020859277708593,1.0,276,247
DYNAMOSA,org.fixsuite.message.info.DictionaryInfo,LINE;BRANCH;EXCEPTION;WEAKMUTATION;OUTPUT;METHOD;METHODNOEXCEPTION;CBRANCH,0.8982591324200914,1.0,277,243
DYNAMOSA,org.fixsuite.message.info.DictionaryInfo,LINE;BRANCH;EXCEPTION;WEAKMUTATION;OUTPUT;METHOD;METHODNOEXCEPTION;CBRANCH,0.908390410958904,1.0,277,254
DYNAMOSA,org.fixsuite.message.info.DictionaryInfo,LINE;BRANCH;EXCEPTION;WEAKMUTATION;OUTPUT;METHOD;METHODNOEXCEPTION;CBRANCH,0.8661270236612703,1.0,276,226
DYNAMOSA,org.fixsuite.message.info.DictionaryInfo,LINE;BRANCH;EXCEPTION;WEAKMUTATION;OUTPUT;METHOD;METHODNOEXCEPTION;CBRANCH,0.8999714611872146,1.0,277,244
DYNAMOSA,org.fixsuite.message.info.DictionaryInfo,LINE;BRANCH;EXCEPTION;WEAKMUTATION;OUTPUT;METHOD;METHODNOEXCEPTION;CBRANCH,0.8755268703898841,1.0,278,233
DYNAMOSA,org.fixsuite.message.info.DictionaryInfo,LINE;BRANCH;EXCEPTION;WEAKMUTATION;OUTPUT;METHOD;METHODNOEXCEPTION;CBRANCH,0.9005532139093784,1.0,278,243
DYNAMOSA,org.fixsuite.message.info.DictionaryInfo,LINE;BRANCH;EXCEPTION;WEAKMUTATION;OUTPUT;METHOD;METHODNOEXCEPTION;CBRANCH,0.896546803652968,1.0,277,241
DYNAMOSA,org.fixsuite.message.info.DictionaryInfo,LINE;BRANCH;EXCEPTION;WEAKMUTATION;OUTPUT;METHOD;METHODNOEXCEPTION;CBRANCH,0.8864970645792564,1.0,279,238
DYNAMOSA,org.fixsuite.message.info.DictionaryInfo,LINE;BRANCH;EXCEPTION;WEAKMUTATION;OUTPUT;METHOD;METHODNOEXCEPTION;CBRANCH,0.8883872976338729,1.0,276,237
DYNAMOSA,org.fixsuite.message.info.DictionaryInfo,LINE;BRANCH;EXCEPTION;WEAKMUTATION;OUTPUT;METHOD;METHODNOEXCEPTION;CBRANCH,0.8813600782778865,1.0,279,235
DYNAMOSA,org.fixsuite.message.info.DictionaryInfo,LINE;BRANCH;EXCEPTION;WEAKMUTATION;OUTPUT;METHOD;METHODNOEXCEPTION;CBRANCH,0.8798256537982565,1.0,276,234
DYNAMOSA,org.fixsuite.message.info.DictionaryInfo,LINE;BRANCH;EXCEPTION;WEAKMUTATION;OUTPUT;METHOD;METHODNOEXCEPTION;CBRANCH,0.889554794520548,1.0,275,242
DYNAMOSA,org.fixsuite.message.info.DictionaryInfo,LINE;BRANCH;EXCEPTION;WEAKMUTATION;OUTPUT;METHOD;METHODNOEXCEPTION;CBRANCH,0.8815379825653799,1.0,276,234
DYNAMOSA,org.fixsuite.message.info.DictionaryInfo,LINE;BRANCH;EXCEPTION;WEAKMUTATION;OUTPUT;METHOD;METHODNOEXCEPTION;CBRANCH,0.898840885142255,1.0,278,242
DYNAMOSA,org.fixsuite.message.info.DictionaryInfo,LINE;BRANCH;EXCEPTION;WEAKMUTATION;OUTPUT;METHOD;METHODNOEXCEPTION;CBRANCH,0.9005532139093784,1.0,278,243
DYNAMOSA,org.fixsuite.message.info.DictionaryInfo,LINE;BRANCH;EXCEPTION;WEAKMUTATION;OUTPUT;METHOD;METHODNOEXCEPTION;CBRANCH,0.9012118018967334,1.0,278,248
DYNAMOSA,org.fixsuite.message.info.DictionaryInfo,LINE;BRANCH;EXCEPTION;WEAKMUTATION;OUTPUT;METHOD;METHODNOEXCEPTION;CBRANCH,0.8926501580611169,1.0,278,242
DYNAMOSA,org.fixsuite.message.info.DictionaryInfo,LINE;BRANCH;EXCEPTION;WEAKMUTATION;OUTPUT;METHOD;METHODNOEXCEPTION;CBRANCH,0.8885669125395153,1.0,278,236
DYNAMOSA,org.fixsuite.message.info.DictionaryInfo,LINE;BRANCH;EXCEPTION;WEAKMUTATION;OUTPUT;METHOD;METHODNOEXCEPTION;CBRANCH,0.8912671232876712,1.0,277,243
DYNAMOSA,org.fixsuite.message.info.DictionaryInfo,LINE;BRANCH;EXCEPTION;WEAKMUTATION;OUTPUT;METHOD;METHODNOEXCEPTION;CBRANCH,0.8672945205479452,1.0,275,229
DYNAMOSA,org.fixsuite.message.info.DictionaryInfo,LINE;BRANCH;EXCEPTION;WEAKMUTATION;OUTPUT;METHOD;METHODNOEXCEPTION;CBRANCH,0.9037982565379825,1.0,276,248
DYNAMOSA,org.fixsuite.message.info.DictionaryInfo,LINE;BRANCH;EXCEPTION;WEAKMUTATION;OUTPUT;METHOD;METHODNOEXCEPTION;CBRANCH,0.913670091324201,1.0,277,252
DYNAMOSA,org.fixsuite.message.info.DictionaryInfo,LINE;BRANCH;EXCEPTION;WEAKMUTATION;OUTPUT;METHOD;METHODNOEXCEPTION;CBRANCH,0.8931221461187215,1.0,277,240
DYNAMOSA,org.fixsuite.message.info.DictionaryInfo,LINE;BRANCH;EXCEPTION;WEAKMUTATION;OUTPUT;METHOD;METHODNOEXCEPTION;CBRANCH,0.8777111872146119,1.0,277,230
DYNAMOSA,org.fixsuite.message.info.DictionaryInfo,LINE;BRANCH;EXCEPTION;WEAKMUTATION;OUTPUT;METHOD;METHODNOEXCEPTION;CBRANCH,0.8883872976338729,1.0,276,239
DYNAMOSA,org.fixsuite.message.info.DictionaryInfo,LINE;BRANCH;EXCEPTION;WEAKMUTATION;OUTPUT;METHOD;METHODNOEXCEPTION;CBRANCH,0.8988584474885845,1.0,280,248
DYNAMOSA,org.fixsuite.message.info.DictionaryInfo,LINE;BRANCH;EXCEPTION;WEAKMUTATION;OUTPUT;METHOD;METHODNOEXCEPTION;CBRANCH,0.8954162276080084,1.0,278,240
DYNAMOSA,org.fixsuite.message.info.DictionaryInfo,LINE;BRANCH;EXCEPTION;WEAKMUTATION;OUTPUT;METHOD;METHODNOEXCEPTION;CBRANCH,0.8866749688667497,1.0,276,238
DYNAMOSA,org.fixsuite.message.info.DictionaryInfo,LINE;BRANCH;EXCEPTION;WEAKMUTATION;OUTPUT;METHOD;METHODNOEXCEPTION;CBRANCH,0.8823761854583773,1.0,278,236
DYNAMOSA,org.fixsuite.message.info.DictionaryInfo,LINE;BRANCH;EXCEPTION;WEAKMUTATION;OUTPUT;METHOD;METHODNOEXCEPTION;CBRANCH,0.9039778714436248,1.0,278,244
DYNAMOSA,org.fixsuite.message.info.DictionaryInfo,LINE;BRANCH;EXCEPTION;WEAKMUTATION;OUTPUT;METHOD;METHODNOEXCEPTION;CBRANCH,0.8999714611872146,1.0,277,244
DYNAMOSA,org.fixsuite.message.info.DictionaryInfo,LINE;BRANCH;EXCEPTION;WEAKMUTATION;OUTPUT;METHOD;METHODNOEXCEPTION;CBRANCH,0.8832503113325031,1.0,276,236
DYNAMOSA,org.fixsuite.message.info.DictionaryInfo,LINE;BRANCH;EXCEPTION;WEAKMUTATION;OUTPUT;METHOD;METHODNOEXCEPTION;CBRANCH,0.8916340508806262,1.0,279,241
DYNAMOSA,org.fixsuite.message.info.DictionaryInfo,LINE;BRANCH;EXCEPTION;WEAKMUTATION;OUTPUT;METHOD;METHODNOEXCEPTION;CBRANCH,0.8840885142255005,1.0,278,237
DYNAMOSA,org.fixsuite.message.info.DictionaryInfo,LINE;BRANCH;EXCEPTION;WEAKMUTATION;OUTPUT;METHOD;METHODNOEXCEPTION;CBRANCH,0.87640099626401,1.0,276,232
DYNAMOSA,org.fixsuite.message.info.DictionaryInfo,LINE;BRANCH;EXCEPTION;WEAKMUTATION;OUTPUT;METHOD;METHODNOEXCEPTION;CBRANCH,0.8864970645792564,1.0,279,238
DYNAMOSA,org.fixsuite.message.info.DictionaryInfo,LINE;BRANCH;EXCEPTION;WEAKMUTATION;OUTPUT;METHOD;METHODNOEXCEPTION;CBRANCH,0.8948344748858448,1.0,277,241
DYNAMOSA,org.fixsuite.message.info.DictionaryInfo,LINE;BRANCH;EXCEPTION;WEAKMUTATION;OUTPUT;METHOD;METHODNOEXCEPTION;CBRANCH,0.8781133250311333,1.0,276,232
DYNAMOSA,org.fixsuite.message.info.DictionaryInfo,LINE;BRANCH;EXCEPTION;WEAKMUTATION;OUTPUT;METHOD;METHODNOEXCEPTION;CBRANCH,0.8849626400996264,1.0,276,237
DYNAMOSA,org.fixsuite.message.info.DictionaryInfo,LINE;BRANCH;EXCEPTION;WEAKMUTATION;OUTPUT;METHOD;METHODNOEXCEPTION;CBRANCH,0.9033961187214612,1.0,277,245
DYNAMOSA,org.fixsuite.message.info.DictionaryInfo,LINE;BRANCH;EXCEPTION;WEAKMUTATION;OUTPUT;METHOD;METHODNOEXCEPTION;CBRANCH,0.8885669125395153,1.0,278,236
DYNAMOSA,org.fixsuite.message.info.DictionaryInfo,LINE;BRANCH;EXCEPTION;WEAKMUTATION;OUTPUT;METHOD;METHODNOEXCEPTION;CBRANCH,0.8909378292939937,1.0,278,242
DYNAMOSA,org.fixsuite.message.info.DictionaryInfo,LINE;BRANCH;EXCEPTION;WEAKMUTATION;OUTPUT;METHOD;METHODNOEXCEPTION;CBRANCH,0.8840885142255005,1.0,278,238
DYNAMOSA,org.fixsuite.message.info.DictionaryInfo,LINE;BRANCH;EXCEPTION;WEAKMUTATION;OUTPUT;METHOD;METHODNOEXCEPTION;CBRANCH,0.8914098173515982,1.0,277,238
DYNAMOSA,org.fixsuite.message.info.DictionaryInfo,LINE;BRANCH;EXCEPTION;WEAKMUTATION;OUTPUT;METHOD;METHODNOEXCEPTION;CBRANCH,0.8879851598173516,1.0,277,236
DYNAMOSA,org.fixsuite.message.info.DictionaryInfo,LINE;BRANCH;EXCEPTION;WEAKMUTATION;OUTPUT;METHOD;METHODNOEXCEPTION;CBRANCH,0.913670091324201,1.0,277,252
DYNAMOSA,org.fixsuite.message.info.DictionaryInfo,LINE;BRANCH;EXCEPTION;WEAKMUTATION;OUTPUT;METHOD;METHODNOEXCEPTION;CBRANCH,0.8999714611872146,1.0,277,244
DYNAMOSA,org.fixsuite.message.info.DictionaryInfo,LINE;BRANCH;EXCEPTION;WEAKMUTATION;OUTPUT;METHOD;METHODNOEXCEPTION;CBRANCH,0.889921722113503,1.0,279,239
DYNAMOSA,org.fixsuite.message.info.DictionaryInfo,LINE;BRANCH;EXCEPTION;WEAKMUTATION;OUTPUT;METHOD;METHODNOEXCEPTION;CBRANCH,0.913894324853229,1.0,279,254
DYNAMOSA,org.fixsuite.message.info.DictionaryInfo,LINE;BRANCH;EXCEPTION;WEAKMUTATION;OUTPUT;METHOD;METHODNOEXCEPTION;CBRANCH,0.8823761854583773,1.0,278,237
DYNAMOSA,org.fixsuite.message.info.DictionaryInfo,LINE;BRANCH;EXCEPTION;WEAKMUTATION;OUTPUT;METHOD;METHODNOEXCEPTION;CBRANCH,0.8986612702366127,1.0,276,245
DYNAMOSA,org.fixsuite.message.info.DictionaryInfo,LINE;BRANCH;EXCEPTION;WEAKMUTATION;OUTPUT;METHOD;METHODNOEXCEPTION;CBRANCH,0.896546803652968,1.0,277,242
DYNAMOSA,org.fixsuite.message.info.DictionaryInfo,LINE;BRANCH;EXCEPTION;WEAKMUTATION;OUTPUT;METHOD;METHODNOEXCEPTION;CBRANCH,0.8798256537982565,1.0,276,234
DYNAMOSA,org.fixsuite.message.info.DictionaryInfo,LINE;BRANCH;EXCEPTION;WEAKMUTATION;OUTPUT;METHOD;METHODNOEXCEPTION;CBRANCH,0.9125395152792413,1.0,278,248
DYNAMOSA,org.fixsuite.message.info.DictionaryInfo,LINE;BRANCH;EXCEPTION;WEAKMUTATION;OUTPUT;METHOD;METHODNOEXCEPTION;CBRANCH,0.8960748155953635,1.0,278,245
DYNAMOSA,org.fixsuite.message.info.DictionaryInfo,LINE;BRANCH;EXCEPTION;WEAKMUTATION;OUTPUT;METHOD;METHODNOEXCEPTION;CBRANCH,0.8988584474885845,1.0,280,248
DYNAMOSA,org.fixsuite.message.info.DictionaryInfo,LINE;BRANCH;EXCEPTION;WEAKMUTATION;OUTPUT;METHOD;METHODNOEXCEPTION;CBRANCH,0.8817175974710221,1.0,278,232
DYNAMOSA,org.fixsuite.message.info.DictionaryInfo,LINE;BRANCH;EXCEPTION;WEAKMUTATION;OUTPUT;METHOD;METHODNOEXCEPTION;CBRANCH,0.8950587084148728,1.0,279,243
DYNAMOSA,org.fixsuite.message.info.DictionaryInfo,LINE;BRANCH;EXCEPTION;WEAKMUTATION;OUTPUT;METHOD;METHODNOEXCEPTION;CBRANCH,0.8960748155953635,1.0,278,245
